major_slug,major_name,degree,total_major_credits,total_degree_credits,source,course_code,course_title,credits,category,req_group,req_group_pick,prereqs,coreqs,offered,notes,track_type
economics-ba,Economics,BA,40,128,bulletin_scraped,FIRST-YEAR-SEMINAR,First-Year Seminar,4,gen_ed,,0,,,fall,College Core Curriculum requirement,major
economics-ba,Economics,BA,40,128,bulletin_scraped,EXPOS-UA 1,Writing as Inquiry,4,gen_ed,,0,,,both,College Core Curriculum requirement,major
economics-ba,Economics,BA,40,128,bulletin_scraped,LANG-LEVEL-1,Foreign Language I,4,gen_ed,,0,,,both,College Core Curriculum requirement,major
economics-ba,Economics,BA,40,128,bulletin_scraped,LANG-LEVEL-2,Foreign Language II,4,gen_ed,,0,,,both,College Core Curriculum requirement,major
economics-ba,Economics,BA,40,128,bulletin_scraped,LANG-LEVEL-3,Foreign Language III,4,gen_ed,,0,,,both,College Core Curriculum requirement,major
economics-ba,Economics,BA,40,128,bulletin_scraped,LANG-LEVEL-4,Foreign Language IV (Intermediate),4,gen_ed,,0,,,both,College Core Curriculum requirement,major
economics-ba,Economics,BA,40,128,bulletin_scraped,CORE-TEXTS,Texts and Ideas,4,gen_ed,,0,,,both,College Core Curriculum requirement,major
economics-ba,Economics,BA,40,128,bulletin_scraped,CORE-CULTURES,Cultures and Contexts,4,gen_ed,,0,,,both,College Core Curriculum requirement,major
economics-ba,Economics,BA,40,128,bulletin_scraped,CORE-EXPRESSIVE,Expressive Culture,4,gen_ed,,0,,,both,College Core Curriculum requirement,major
economics-ba,Economics,BA,40,128,bulletin_scraped,CORE-PHYSICAL-SCI,Physical Science,4,gen_ed,,0,,,both,College Core Curriculum requirement,major
economics-ba,Economics,BA,40,128,bulletin_scraped,CORE-LIFE-SCI,Life Science,4,gen_ed,,0,,,both,College Core Curriculum requirement,major
economics-ba,Economics,BA,40,128,bulletin_scraped,CORE-SOC-SCI,Societies and the Social Sciences,4,gen_ed,,0,,,both,College Core Curriculum requirement,major
economics-ba,Economics,BA,40,128,bulletin_scraped,ECON-UA 1,Introduction to Macroeconomics,4,supporting_required,,0,MATH-UA 121|MATH-UA 131,,both,,major
economics-ba,Economics,BA,40,128,bulletin_scraped,ECON-UA 2,Introduction to Microeconomics,4,supporting_required,,0,MATH-UA 121|MATH-UA 131,,both,,major
economics-ba,Economics,BA,40,128,bulletin_scraped,MATH-UA 131,Mathematics for Economics I,4,supporting_required,,0,,,both,Policy track math req; prereq for ECON-UA 10,major
economics-ba,Economics,BA,40,128,bulletin_scraped,MATH-UA 132,Mathematics for Economics II,4,supporting_required,,0,MATH-UA 131,,both,Policy track math req,major
economics-ba,Economics,BA,40,128,bulletin_scraped,ECON-UA 10,Intermediate Microeconomics,4,core_required,,0,ECON-UA 2|MATH-UA 131|MATH-UA 132,,both,,major
economics-ba,Economics,BA,40,128,bulletin_scraped,ECON-UA 12,Intermediate Macroeconomics,4,core_required,,0,ECON-UA 10|MATH-UA 131,,both,,major
economics-ba,Economics,BA,40,128,bulletin_scraped,ECON-UA 266,Introduction to Econometrics,4,core_required,,0,ECON-UA 10|MATH-UA 131,,both,,major
economics-ba,Economics,BA,40,128,bulletin_scraped,ECON-UA 18,Statistics (Policy),4,core_required,stats_choice,1,ECON-UA 2,,both,Choose one: ECON-UA 18 (Policy) or ECON-UA 20 (Theory),major
economics-ba,Economics,BA,40,128,bulletin_scraped,ECON-UA 20,Analytical Statistics,4,core_required,stats_choice,1,ECON-UA 2,,both,Choose one: ECON-UA 18 (Policy) or ECON-UA 20 (Theory),major
economics-ba,Economics,BA,40,128,bulletin_scraped,ECON-UA 238,International Economics,4,major_elective,policy_required_elective,1,ECON-UA 2,,varies,Policy track: choose 1 of 3,major
economics-ba,Economics,BA,40,128,bulletin_scraped,ECON-UA 227,Urban Economics,4,major_elective,policy_required_elective,1,ECON-UA 2,,varies,Policy track: choose 1 of 3,major
economics-ba,Economics,BA,40,128,bulletin_scraped,ECON-UA 231,Money and Banking,4,major_elective,policy_required_elective,1,ECON-UA 2,,varies,Policy track: choose 1 of 3,major
economics-ba,Economics,BA,40,128,bulletin_scraped,ECON-UA-ELECTIVE-1,Economics Elective 1 (200-300 level),4,major_elective,econ_electives,3,ECON-UA 10|ECON-UA 12,,varies,At least 2 must be ECON-UA 300-level,major
economics-ba,Economics,BA,40,128,bulletin_scraped,ECON-UA-ELECTIVE-2,Economics Elective 2 (200-300 level),4,major_elective,econ_electives,3,ECON-UA 10|ECON-UA 12,,varies,At least 2 must be ECON-UA 300-level,major
economics-ba,Economics,BA,40,128,bulletin_scraped,ECON-UA-ELECTIVE-3,Economics Elective 3 (200-300 level),4,major_elective,econ_electives,3,ECON-UA 10|ECON-UA 12,,varies,At least 2 must be ECON-UA 300-level,major
economics-ba,Economics,BA,40,128,bulletin_scraped,FREE-ELECTIVE-1,Free Elective 1,4,major_elective,,0,,,both,General degree elective,major
economics-ba,Economics,BA,40,128,bulletin_scraped,FREE-ELECTIVE-2,Free Elective 2,4,major_elective,,0,,,both,General degree elective,major
economics-ba,Economics,BA,40,128,bulletin_scraped,FREE-ELECTIVE-3,Free Elective 3,4,major_elective,,0,,,both,General degree elective,major
economics-ba,Economics,BA,40,128,bulletin_scraped,FREE-ELECTIVE-4,Free Elective 4,4,major_elective,,0,,,both,General degree elective,major
economics-ba,Economics,BA,40,128,bulletin_scraped,FREE-ELECTIVE-5,Free Elective 5,4,major_elective,,0,,,both,General degree elective,major
economics-ba,Economics,BA,40,128,bulletin_scraped,FREE-ELECTIVE-6,Free Elective 6,4,major_elective,,0,,,both,General degree elective,major
economics-ba,Economics,BA,40,128,bulletin_scraped,FREE-ELECTIVE-7,Free Elective 7,4,major_elective,,0,,,both,General degree elective,major
economics-ba,Economics,BA,40,128,bulletin_scraped,FREE-ELECTIVE-8,Free Elective 8,4,major_elective,,0,,,both,General degree elective,major
economics-ba,Economics,BA,40,128,bulletin_scraped,FREE-ELECTIVE-9,Free Elective 9,4,major_elective,,0,,,both,General degree elective,major
economics-ba,Economics,BA,40,128,bulletin_scraped,FREE-ELECTIVE-10,Free Elective 10,4,major_elective,,0,,,both,General degree elective,major
economics-ba,Economics,BA,40,128,bulletin_scraped,FREE-ELECTIVE-11,Free Elective 11,4,major_elective,,0,,,both,General degree elective,major
psychology-ba,Psychology,BA,40,128,bulletin_scraped,FIRST-YEAR-SEMINAR,First-Year Seminar,4,gen_ed,,0,,,fall,College Core Curriculum requirement,major
psychology-ba,Psychology,BA,40,128,bulletin_scraped,EXPOS-UA 1,Writing as Inquiry,4,gen_ed,,0,,,both,College Core Curriculum requirement,major
psychology-ba,Psychology,BA,40,128,bulletin_scraped,LANG-LEVEL-1,Foreign Language I,4,gen_ed,,0,,,both,College Core Curriculum requirement,major
psychology-ba,Psychology,BA,40,128,bulletin_scraped,LANG-LEVEL-2,Foreign Language II,4,gen_ed,,0,,,both,College Core Curriculum requirement,major
psychology-ba,Psychology,BA,40,128,bulletin_scraped,LANG-LEVEL-3,Foreign Language III,4,gen_ed,,0,,,both,College Core Curriculum requirement,major
psychology-ba,Psychology,BA,40,128,bulletin_scraped,LANG-LEVEL-4,Foreign Language IV (Intermediate),4,gen_ed,,0,,,both,College Core Curriculum requirement,major
psychology-ba,Psychology,BA,40,128,bulletin_scraped,CORE-TEXTS,Texts and Ideas,4,gen_ed,,0,,,both,College Core Curriculum requirement,major
psychology-ba,Psychology,BA,40,128,bulletin_scraped,CORE-CULTURES,Cultures and Contexts,4,gen_ed,,0,,,both,College Core Curriculum requirement,major
psychology-ba,Psychology,BA,40,128,bulletin_scraped,CORE-EXPRESSIVE,Expressive Culture,4,gen_ed,,0,,,both,College Core Curriculum requirement,major
psychology-ba,Psychology,BA,40,128,bulletin_scraped,CORE-PHYSICAL-SCI,Physical Science,4,gen_ed,,0,,,both,College Core Curriculum requirement,major
psychology-ba,Psychology,BA,40,128,bulletin_scraped,CORE-LIFE-SCI,Life Science,4,gen_ed,,0,,,both,College Core Curriculum requirement,major
psychology-ba,Psychology,BA,40,128,bulletin_scraped,PSYCH-UA 1,Introduction to Psychology,4,core_required,,0,,,both,Must complete with C+ to declare major,major
psychology-ba,Psychology,BA,40,128,bulletin_scraped,PSYCH-UA 10,Statistics for The Behavioral Sciences,4,core_required,psych_stats,1,PSYCH-UA 1,,both,Choose one; C or better required,major
psychology-ba,Psychology,BA,40,128,bulletin_scraped,PSYCH-UA 11,Statistics and Data Analysis for Research in Psychology,4,core_required,psych_stats,1,PSYCH-UA 1,,both,Choose one; C or better required,major
psychology-ba,Psychology,BA,40,128,bulletin_scraped,PSYCH-UA 8,Data Literacy for Psychology,4,core_required,psych_quant,1,PSYCH-UA 1,,varies,Quantitative req — cannot double-count with stats req,major
psychology-ba,Psychology,BA,40,128,bulletin_scraped,DS-UA 112,Principles of Data Science II,4,core_required,psych_quant,1,DS-UA 111,,varies,Quantitative req — cannot double-count with stats req,major
psychology-ba,Psychology,BA,40,128,bulletin_scraped,PSYCH-UA 60,Illusions to Inference,4,core_required,psych_quant,1,PSYCH-UA 1,,varies,Quantitative req — cannot double-count with stats req,major
psychology-ba,Psychology,BA,40,128,bulletin_scraped,PSYCH-UA 22,Perception,4,core_required,psych_core_a,2,PSYCH-UA 1,,varies,Core A: Psychology as natural science; choose 2,major
psychology-ba,Psychology,BA,40,128,bulletin_scraped,PSYCH-UA 25,Cognitive Neuroscience,4,core_required,psych_core_a,2,PSYCH-UA 1,,varies,Core A: Psychology as natural science; choose 2,major
psychology-ba,Psychology,BA,40,128,bulletin_scraped,PSYCH-UA 29,Cognition,4,core_required,psych_core_a,2,PSYCH-UA 1,,varies,Core A: Psychology as natural science; choose 2,major
psychology-ba,Psychology,BA,40,128,bulletin_scraped,PSYCH-UA 34,Developmental Psychology,4,core_required,psych_core_a,2,PSYCH-UA 1,,varies,Core A: Psychology as natural science; choose 2,major
psychology-ba,Psychology,BA,40,128,bulletin_scraped,PSYCH-UA 35,Social Neuroscience,4,core_required,psych_core_a,2,PSYCH-UA 1,,varies,Core A: Psychology as natural science; choose 2,major
psychology-ba,Psychology,BA,40,128,bulletin_scraped,PSYCH-UA 30,Personality,4,core_required,psych_core_b,2,PSYCH-UA 1,,varies,Core B: Psychology as social science; choose 2,major
psychology-ba,Psychology,BA,40,128,bulletin_scraped,PSYCH-UA 32,Social Psychology,4,core_required,psych_core_b,2,PSYCH-UA 1,,varies,Core B: Psychology as social science; choose 2,major
psychology-ba,Psychology,BA,40,128,bulletin_scraped,PSYCH-UA 34,Developmental Psychology,4,core_required,psych_core_b,2,PSYCH-UA 1,,varies,Core B: Psychology as social science; choose 2,major
psychology-ba,Psychology,BA,40,128,bulletin_scraped,PSYCH-UA 35,Social Neuroscience,4,core_required,psych_core_b,2,PSYCH-UA 1,,varies,Core B: Psychology as social science; choose 2,major
psychology-ba,Psychology,BA,40,128,bulletin_scraped,PSYCH-UA 39,Lab in Personality & Social Psychology,4,core_required,psych_core_c,1,PSYCH-UA 10,,varies,Core C: Laboratory course; often seniors only,major
psychology-ba,Psychology,BA,40,128,bulletin_scraped,PSYCH-UA 40,Lab in Developmental Psychology,4,core_required,psych_core_c,1,PSYCH-UA 10,,varies,Core C: Laboratory course; often seniors only,major
psychology-ba,Psychology,BA,40,128,bulletin_scraped,PSYCH-UA 42,Lab in Infancy Research,4,core_required,psych_core_c,1,PSYCH-UA 10,,varies,Core C: Laboratory course; often seniors only,major
psychology-ba,Psychology,BA,40,128,bulletin_scraped,PSYCH-UA 46,Lab in Cognition and Perception,4,core_required,psych_core_c,1,PSYCH-UA 10,,varies,Core C: Laboratory course; often seniors only,major
psychology-ba,Psychology,BA,40,128,bulletin_scraped,PSYCH-UA 53,Psychological Science and Society Lab,4,core_required,psych_core_c,1,PSYCH-UA 10,,varies,Core C: Laboratory course; often seniors only,major
psychology-ba,Psychology,BA,40,128,bulletin_scraped,PSYCH-UA-ADV-ELECTIVE-1,Advanced Psychology Elective 1,4,major_elective,psych_adv_electives,2,PSYCH-UA 1|PSYCH-UA 10,,varies,Choose from approved advanced elective list (see bulletin),major
psychology-ba,Psychology,BA,40,128,bulletin_scraped,PSYCH-UA-ADV-ELECTIVE-2,Advanced Psychology Elective 2,4,major_elective,psych_adv_electives,2,PSYCH-UA 1|PSYCH-UA 10,,varies,Choose from approved advanced elective list (see bulletin),major
psychology-ba,Psychology,BA,40,128,bulletin_scraped,FREE-ELECTIVE-1,Free Elective 1,4,major_elective,,0,,,both,,major
psychology-ba,Psychology,BA,40,128,bulletin_scraped,FREE-ELECTIVE-2,Free Elective 2,4,major_elective,,0,,,both,,major
psychology-ba,Psychology,BA,40,128,bulletin_scraped,FREE-ELECTIVE-3,Free Elective 3,4,major_elective,,0,,,both,,major
psychology-ba,Psychology,BA,40,128,bulletin_scraped,FREE-ELECTIVE-4,Free Elective 4,4,major_elective,,0,,,both,,major
psychology-ba,Psychology,BA,40,128,bulletin_scraped,FREE-ELECTIVE-5,Free Elective 5,4,major_elective,,0,,,both,,major
psychology-ba,Psychology,BA,40,128,bulletin_scraped,FREE-ELECTIVE-6,Free Elective 6,4,major_elective,,0,,,both,,major
psychology-ba,Psychology,BA,40,128,bulletin_scraped,FREE-ELECTIVE-7,Free Elective 7,4,major_elective,,0,,,both,,major
psychology-ba,Psychology,BA,40,128,bulletin_scraped,FREE-ELECTIVE-8,Free Elective 8,4,major_elective,,0,,,both,,major
psychology-ba,Psychology,BA,40,128,bulletin_scraped,FREE-ELECTIVE-9,Free Elective 9,4,major_elective,,0,,,both,,major
psychology-ba,Psychology,BA,40,128,bulletin_scraped,FREE-ELECTIVE-10,Free Elective 10,4,major_elective,,0,,,both,,major
psychology-ba,Psychology,BA,40,128,bulletin_scraped,FREE-ELECTIVE-11,Free Elective 11,4,major_elective,,0,,,both,,major
biology-ba,Biology,BA,70,128,bulletin_scraped,FIRST-YEAR-SEMINAR,First-Year Seminar,4,gen_ed,,0,,,fall,College Core Curriculum requirement,major
biology-ba,Biology,BA,70,128,bulletin_scraped,EXPOS-UA 1,Writing as Inquiry,4,gen_ed,,0,,,both,College Core Curriculum requirement,major
biology-ba,Biology,BA,70,128,bulletin_scraped,LANG-LEVEL-1,Foreign Language I,4,gen_ed,,0,,,both,College Core Curriculum requirement,major
biology-ba,Biology,BA,70,128,bulletin_scraped,LANG-LEVEL-2,Foreign Language II,4,gen_ed,,0,,,both,College Core Curriculum requirement,major
biology-ba,Biology,BA,70,128,bulletin_scraped,LANG-LEVEL-3,Foreign Language III,4,gen_ed,,0,,,both,College Core Curriculum requirement,major
biology-ba,Biology,BA,70,128,bulletin_scraped,LANG-LEVEL-4,Foreign Language IV (Intermediate),4,gen_ed,,0,,,both,College Core Curriculum requirement,major
biology-ba,Biology,BA,70,128,bulletin_scraped,CORE-TEXTS,Texts and Ideas,4,gen_ed,,0,,,both,College Core Curriculum requirement,major
biology-ba,Biology,BA,70,128,bulletin_scraped,CORE-CULTURES,Cultures and Contexts,4,gen_ed,,0,,,both,College Core Curriculum requirement,major
biology-ba,Biology,BA,70,128,bulletin_scraped,CORE-EXPRESSIVE,Expressive Culture,4,gen_ed,,0,,,both,College Core Curriculum requirement,major
biology-ba,Biology,BA,70,128,bulletin_scraped,CORE-SOC-SCI,Societies and the Social Sciences,4,gen_ed,,0,,,both,College Core Curriculum requirement,major
biology-ba,Biology,BA,70,128,bulletin_scraped,BIOL-UA 11,Principles of Biology I,4,core_required,,0,,,both,AP Bio score 4-5 exempts; prehealth cannot place out,major
biology-ba,Biology,BA,70,128,bulletin_scraped,BIOL-UA 12,Principles of Biology II,4,core_required,,0,BIOL-UA 11,,both,,major
biology-ba,Biology,BA,70,128,bulletin_scraped,BIOL-UA 21,Molecular and Cell Biology I,4,core_required,,0,BIOL-UA 12|CHEM-UA 126,,both,,major
biology-ba,Biology,BA,70,128,bulletin_scraped,BIOL-UA 22,Molecular and Cell Biology II,4,core_required,,0,BIOL-UA 21,,both,Standard track only,major
biology-ba,Biology,BA,70,128,bulletin_scraped,CHEM-UA 125,General Chemistry I & Laboratory,5,core_required,,0,,,both,5 credits incl lab,major
biology-ba,Biology,BA,70,128,bulletin_scraped,CHEM-UA 126,General Chemistry II & Laboratory,5,core_required,,0,CHEM-UA 125,,both,5 credits incl lab,major
biology-ba,Biology,BA,70,128,bulletin_scraped,CHEM-UA 225,Organic Chemistry I & Laboratory,5,core_required,,0,CHEM-UA 126,,both,5 credits incl lab,major
biology-ba,Biology,BA,70,128,bulletin_scraped,CHEM-UA 226,Organic Chemistry II & Laboratory,5,core_required,,0,CHEM-UA 225,,both,5 credits incl lab,major
biology-ba,Biology,BA,70,128,bulletin_scraped,PHYS-UA 11,General Physics I,5,core_required,,0,MATH-UA 121,,both,5 credits incl lab,major
biology-ba,Biology,BA,70,128,bulletin_scraped,PHYS-UA 12,General Physics II,5,core_required,,0,PHYS-UA 11,,both,5 credits incl lab; standard track only,major
biology-ba,Biology,BA,70,128,bulletin_scraped,MATH-UA 121,Calculus I,4,core_required,,0,,,both,,major
biology-ba,Biology,BA,70,128,bulletin_scraped,BIOL-UA-UPPER-1,Upper-Level Biology Elective 1,4,major_elective,bio_upper_electives,5,BIOL-UA 21,,varies,"Must include ≥1 lab skill, ≥1 quant skill, ≥1 reasoning skill course; see dept website for list",major
biology-ba,Biology,BA,70,128,bulletin_scraped,BIOL-UA-UPPER-2,Upper-Level Biology Elective 2,4,major_elective,bio_upper_electives,5,BIOL-UA 21,,varies,"Must include ≥1 lab skill, ≥1 quant skill, ≥1 reasoning skill course; see dept website for list",major
biology-ba,Biology,BA,70,128,bulletin_scraped,BIOL-UA-UPPER-3,Upper-Level Biology Elective 3,4,major_elective,bio_upper_electives,5,BIOL-UA 21,,varies,"Must include ≥1 lab skill, ≥1 quant skill, ≥1 reasoning skill course; see dept website for list",major
biology-ba,Biology,BA,70,128,bulletin_scraped,BIOL-UA-UPPER-4,Upper-Level Biology Elective 4,4,major_elective,bio_upper_electives,5,BIOL-UA 21,,varies,"Must include ≥1 lab skill, ≥1 quant skill, ≥1 reasoning skill course; see dept website for list",major
biology-ba,Biology,BA,70,128,bulletin_scraped,BIOL-UA-UPPER-5,Upper-Level Biology Elective 5,4,major_elective,bio_upper_electives,5,BIOL-UA 21,,varies,"Must include ≥1 lab skill, ≥1 quant skill, ≥1 reasoning skill course; see dept website for list",major
biology-ba,Biology,BA,70,128,bulletin_scraped,FREE-ELECTIVE-1,Free Elective 1,4,major_elective,,0,,,both,,major
biology-ba,Biology,BA,70,128,bulletin_scraped,FREE-ELECTIVE-2,Free Elective 2,4,major_elective,,0,,,both,,major
biology-ba,Biology,BA,70,128,bulletin_scraped,FREE-ELECTIVE-3,Free Elective 3,4,major_elective,,0,,,both,,major
biology-ba,Biology,BA,70,128,bulletin_scraped,FREE-ELECTIVE-4,Free Elective 4,4,major_elective,,0,,,both,,major
computer-science-ba,Computer Science,BA,48,128,bulletin_scraped,FIRST-YEAR-SEMINAR,First-Year Seminar,4,gen_ed,,0,,,fall,College Core Curriculum requirement,major
computer-science-ba,Computer Science,BA,48,128,bulletin_scraped,EXPOS-UA 1,Writing as Inquiry,4,gen_ed,,0,,,both,College Core Curriculum requirement,major
computer-science-ba,Computer Science,BA,48,128,bulletin_scraped,LANG-LEVEL-1,Foreign Language I,4,gen_ed,,0,,,both,College Core Curriculum requirement,major
computer-science-ba,Computer Science,BA,48,128,bulletin_scraped,LANG-LEVEL-2,Foreign Language II,4,gen_ed,,0,,,both,College Core Curriculum requirement,major
computer-science-ba,Computer Science,BA,48,128,bulletin_scraped,LANG-LEVEL-3,Foreign Language III,4,gen_ed,,0,,,both,College Core Curriculum requirement,major
computer-science-ba,Computer Science,BA,48,128,bulletin_scraped,LANG-LEVEL-4,Foreign Language IV (Intermediate),4,gen_ed,,0,,,both,College Core Curriculum requirement,major
computer-science-ba,Computer Science,BA,48,128,bulletin_scraped,CORE-TEXTS,Texts and Ideas,4,gen_ed,,0,,,both,College Core Curriculum requirement,major
computer-science-ba,Computer Science,BA,48,128,bulletin_scraped,CORE-CULTURES,Cultures and Contexts,4,gen_ed,,0,,,both,College Core Curriculum requirement,major
computer-science-ba,Computer Science,BA,48,128,bulletin_scraped,CORE-EXPRESSIVE,Expressive Culture,4,gen_ed,,0,,,both,College Core Curriculum requirement,major
computer-science-ba,Computer Science,BA,48,128,bulletin_scraped,CORE-PHYSICAL-SCI,Physical Science,4,gen_ed,,0,,,both,College Core Curriculum requirement,major
computer-science-ba,Computer Science,BA,48,128,bulletin_scraped,CORE-LIFE-SCI,Life Science,4,gen_ed,,0,,,both,College Core Curriculum requirement,major
computer-science-ba,Computer Science,BA,48,128,bulletin_scraped,CORE-SOC-SCI,Societies and the Social Sciences,4,gen_ed,,0,,,both,College Core Curriculum requirement,major
computer-science-ba,Computer Science,BA,48,128,bulletin_scraped,CSCI-UA 2,Introduction to Computer Programming,4,core_required,,0,,,both,Does not count toward major; prereq for CSCI-UA 101. Skip if AP CS A score 3+,major
computer-science-ba,Computer Science,BA,48,128,bulletin_scraped,CSCI-UA 101,Introduction to Computer Science,4,core_required,,0,CSCI-UA 2,,both,C or better required,major
computer-science-ba,Computer Science,BA,48,128,bulletin_scraped,CSCI-UA 102,Data Structures,4,core_required,,0,CSCI-UA 101,,both,C or better required,major
computer-science-ba,Computer Science,BA,48,128,bulletin_scraped,CSCI-UA 201,Computer Systems Organization,4,core_required,,0,CSCI-UA 102,,both,C or better required,major
computer-science-ba,Computer Science,BA,48,128,bulletin_scraped,CSCI-UA 202,Operating Systems,4,core_required,,0,CSCI-UA 201,,both,C or better required,major
computer-science-ba,Computer Science,BA,48,128,bulletin_scraped,CSCI-UA 310,Basic Algorithms,4,core_required,,0,CSCI-UA 102|MATH-UA 120|MATH-UA 121,,both,C or better required,major
computer-science-ba,Computer Science,BA,48,128,bulletin_scraped,MATH-UA 120,Discrete Mathematics,4,core_required,,0,,,both,C or better required,major
computer-science-ba,Computer Science,BA,48,128,bulletin_scraped,MATH-UA 121,Calculus I,4,core_required,,0,,,both,Or MATH-UA 131; choose one track,major
computer-science-ba,Computer Science,BA,48,128,bulletin_scraped,CSCI-UA-4XX-ELECTIVE-1,CS Advanced Elective 1 (400-level),4,major_elective,cs_400_electives,5,CSCI-UA 102,,varies,Must be CSCI-UA 400-level; up to 2 may be replaced by MATH-UA 122/140/185,major
computer-science-ba,Computer Science,BA,48,128,bulletin_scraped,CSCI-UA-4XX-ELECTIVE-2,CS Advanced Elective 2 (400-level),4,major_elective,cs_400_electives,5,CSCI-UA 102,,varies,Must be CSCI-UA 400-level; up to 2 may be replaced by MATH-UA 122/140/185,major
computer-science-ba,Computer Science,BA,48,128,bulletin_scraped,CSCI-UA-4XX-ELECTIVE-3,CS Advanced Elective 3 (400-level),4,major_elective,cs_400_electives,5,CSCI-UA 102,,varies,Must be CSCI-UA 400-level; up to 2 may be replaced by MATH-UA 122/140/185,major
computer-science-ba,Computer Science,BA,48,128,bulletin_scraped,CSCI-UA-4XX-ELECTIVE-4,CS Advanced Elective 4 (400-level),4,major_elective,cs_400_electives,5,CSCI-UA 102,,varies,Must be CSCI-UA 400-level; up to 2 may be replaced by MATH-UA 122/140/185,major
computer-science-ba,Computer Science,BA,48,128,bulletin_scraped,CSCI-UA-4XX-ELECTIVE-5,CS Advanced Elective 5 (400-level),4,major_elective,cs_400_electives,5,CSCI-UA 102,,varies,Must be CSCI-UA 400-level; up to 2 may be replaced by MATH-UA 122/140/185,major
computer-science-ba,Computer Science,BA,48,128,bulletin_scraped,FREE-ELECTIVE-1,Free Elective 1,4,major_elective,,0,,,both,,major
computer-science-ba,Computer Science,BA,48,128,bulletin_scraped,FREE-ELECTIVE-2,Free Elective 2,4,major_elective,,0,,,both,,major
computer-science-ba,Computer Science,BA,48,128,bulletin_scraped,FREE-ELECTIVE-3,Free Elective 3,4,major_elective,,0,,,both,,major
computer-science-ba,Computer Science,BA,48,128,bulletin_scraped,FREE-ELECTIVE-4,Free Elective 4,4,major_elective,,0,,,both,,major
computer-science-ba,Computer Science,BA,48,128,bulletin_scraped,FREE-ELECTIVE-5,Free Elective 5,4,major_elective,,0,,,both,,major
computer-science-ba,Computer Science,BA,48,128,bulletin_scraped,FREE-ELECTIVE-6,Free Elective 6,4,major_elective,,0,,,both,,major
computer-science-ba,Computer Science,BA,48,128,bulletin_scraped,FREE-ELECTIVE-7,Free Elective 7,4,major_elective,,0,,,both,,major
mathematics-ba,Mathematics,BA,52,128,bulletin_scraped,FIRST-YEAR-SEMINAR,First-Year Seminar,4,gen_ed,,0,,,fall,College Core Curriculum requirement,major
mathematics-ba,Mathematics,BA,52,128,bulletin_scraped,EXPOS-UA 1,Writing as Inquiry,4,gen_ed,,0,,,both,College Core Curriculum requirement,major
mathematics-ba,Mathematics,BA,52,128,bulletin_scraped,LANG-LEVEL-1,Foreign Language I,4,gen_ed,,0,,,both,College Core Curriculum requirement,major
mathematics-ba,Mathematics,BA,52,128,bulletin_scraped,LANG-LEVEL-2,Foreign Language II,4,gen_ed,,0,,,both,College Core Curriculum requirement,major
mathematics-ba,Mathematics,BA,52,128,bulletin_scraped,LANG-LEVEL-3,Foreign Language III,4,gen_ed,,0,,,both,College Core Curriculum requirement,major
mathematics-ba,Mathematics,BA,52,128,bulletin_scraped,LANG-LEVEL-4,Foreign Language IV (Intermediate),4,gen_ed,,0,,,both,College Core Curriculum requirement,major
mathematics-ba,Mathematics,BA,52,128,bulletin_scraped,CORE-TEXTS,Texts and Ideas,4,gen_ed,,0,,,both,College Core Curriculum requirement,major
mathematics-ba,Mathematics,BA,52,128,bulletin_scraped,CORE-CULTURES,Cultures and Contexts,4,gen_ed,,0,,,both,College Core Curriculum requirement,major
mathematics-ba,Mathematics,BA,52,128,bulletin_scraped,CORE-EXPRESSIVE,Expressive Culture,4,gen_ed,,0,,,both,College Core Curriculum requirement,major
mathematics-ba,Mathematics,BA,52,128,bulletin_scraped,CORE-PHYSICAL-SCI,Physical Science,4,gen_ed,,0,,,both,College Core Curriculum requirement,major
mathematics-ba,Mathematics,BA,52,128,bulletin_scraped,CORE-LIFE-SCI,Life Science,4,gen_ed,,0,,,both,College Core Curriculum requirement,major
mathematics-ba,Mathematics,BA,52,128,bulletin_scraped,CORE-SOC-SCI,Societies and the Social Sciences,4,gen_ed,,0,,,both,College Core Curriculum requirement,major
mathematics-ba,Mathematics,BA,52,128,bulletin_scraped,MATH-UA 120,Discrete Mathematics,4,core_required,,0,,,both,,major
mathematics-ba,Mathematics,BA,52,128,bulletin_scraped,MATH-UA 121,Calculus I,4,core_required,,0,,,both,AP Calc AB score 4-5 earns credit,major
mathematics-ba,Mathematics,BA,52,128,bulletin_scraped,MATH-UA 122,Calculus II,4,core_required,,0,MATH-UA 121,,both,AP Calc BC score 5 earns both Calc I & II,major
mathematics-ba,Mathematics,BA,52,128,bulletin_scraped,MATH-UA 123,Calculus III,4,core_required,,0,MATH-UA 122,,both,Or MATH-UA 129 Honors Calculus III,major
mathematics-ba,Mathematics,BA,52,128,bulletin_scraped,MATH-UA 140,Linear Algebra,4,core_required,,0,MATH-UA 121,,both,Or MATH-UA 148 Honors,major
mathematics-ba,Mathematics,BA,52,128,bulletin_scraped,MATH-UA 325,Analysis,4,core_required,,0,MATH-UA 123|MATH-UA 140,,both,Or MATH-UA 328 Honors Analysis I,major
mathematics-ba,Mathematics,BA,52,128,bulletin_scraped,MATH-UA 343,Algebra,4,core_required,,0,MATH-UA 325,,both,Or MATH-UA 348 Honors Algebra I; take after Analysis,major
mathematics-ba,Mathematics,BA,52,128,bulletin_scraped,MATH-UA 240,Combinatorics,4,major_elective,math_adv_electives,3,MATH-UA 325,,varies,Choose 3 advanced math electives,major
mathematics-ba,Mathematics,BA,52,128,bulletin_scraped,MATH-UA 248,Theory of Numbers,4,major_elective,math_adv_electives,3,MATH-UA 325,,varies,Choose 3 advanced math electives,major
mathematics-ba,Mathematics,BA,52,128,bulletin_scraped,MATH-UA 262,Ordinary Differential Equations,4,major_elective,math_adv_electives,3,MATH-UA 325,,varies,Choose 3 advanced math electives,major
mathematics-ba,Mathematics,BA,52,128,bulletin_scraped,MATH-UA 263,Partial Differential Equations,4,major_elective,math_adv_electives,3,MATH-UA 325,,varies,Choose 3 advanced math electives,major
mathematics-ba,Mathematics,BA,52,128,bulletin_scraped,MATH-UA 264,Chaos & Dynamical Systems,4,major_elective,math_adv_electives,3,MATH-UA 325,,varies,Choose 3 advanced math electives,major
mathematics-ba,Mathematics,BA,52,128,bulletin_scraped,MATH-UA 329,Honors Analysis II,4,major_elective,math_adv_electives,3,MATH-UA 325,,varies,Choose 3 advanced math electives,major
mathematics-ba,Mathematics,BA,52,128,bulletin_scraped,MATH-UA 333,Theory of Probability,4,major_elective,math_adv_electives,3,MATH-UA 325,,varies,Choose 3 advanced math electives,major
mathematics-ba,Mathematics,BA,52,128,bulletin_scraped,MATH-UA 334,Mathematical Statistics,4,major_elective,math_adv_electives,3,MATH-UA 325,,varies,Choose 3 advanced math electives,major
mathematics-ba,Mathematics,BA,52,128,bulletin_scraped,MATH-UA 349,Honors Algebra II,4,major_elective,math_adv_electives,3,MATH-UA 325,,varies,Choose 3 advanced math electives,major
mathematics-ba,Mathematics,BA,52,128,bulletin_scraped,MATH-UA 352,Numerical Analysis,4,major_elective,math_adv_electives,3,MATH-UA 325,,varies,Choose 3 advanced math electives,major
mathematics-ba,Mathematics,BA,52,128,bulletin_scraped,MATH-UA 353,Linear and Nonlinear Optimization,4,major_elective,math_adv_electives,3,MATH-UA 325,,varies,Choose 3 advanced math electives,major
mathematics-ba,Mathematics,BA,52,128,bulletin_scraped,MATH-UA 375,Topology,4,major_elective,math_adv_electives,3,MATH-UA 325,,varies,Choose 3 advanced math electives,major
mathematics-ba,Mathematics,BA,52,128,bulletin_scraped,MATH-UA 377,Differential Geometry,4,major_elective,math_adv_electives,3,MATH-UA 325,,varies,Choose 3 advanced math electives,major
mathematics-ba,Mathematics,BA,52,128,bulletin_scraped,MATH-UA 382,Functions of a Complex Variable,4,major_elective,math_adv_electives,3,MATH-UA 325,,varies,Choose 3 advanced math electives,major
mathematics-ba,Mathematics,BA,52,128,bulletin_scraped,MATH-UA-GEN-ELECTIVE-1,General Mathematics Elective 1,4,major_elective,math_gen_electives,3,,,varies,Any MATH-UA 120+; up to 2 may be CSCI-UA 101+ or DS-UA 112,major
mathematics-ba,Mathematics,BA,52,128,bulletin_scraped,MATH-UA-GEN-ELECTIVE-2,General Mathematics Elective 2,4,major_elective,math_gen_electives,3,,,varies,Any MATH-UA 120+; up to 2 may be CSCI-UA 101+ or DS-UA 112,major
mathematics-ba,Mathematics,BA,52,128,bulletin_scraped,MATH-UA-GEN-ELECTIVE-3,General Mathematics Elective 3,4,major_elective,math_gen_electives,3,,,varies,Any MATH-UA 120+; up to 2 may be CSCI-UA 101+ or DS-UA 112,major
mathematics-ba,Mathematics,BA,52,128,bulletin_scraped,FREE-ELECTIVE-1,Free Elective 1,4,major_elective,,0,,,both,,major
mathematics-ba,Mathematics,BA,52,128,bulletin_scraped,FREE-ELECTIVE-2,Free Elective 2,4,major_elective,,0,,,both,,major
mathematics-ba,Mathematics,BA,52,128,bulletin_scraped,FREE-ELECTIVE-3,Free Elective 3,4,major_elective,,0,,,both,,major
mathematics-ba,Mathematics,BA,52,128,bulletin_scraped,FREE-ELECTIVE-4,Free Elective 4,4,major_elective,,0,,,both,,major
mathematics-ba,Mathematics,BA,52,128,bulletin_scraped,FREE-ELECTIVE-5,Free Elective 5,4,major_elective,,0,,,both,,major
mathematics-ba,Mathematics,BA,52,128,bulletin_scraped,FREE-ELECTIVE-6,Free Elective 6,4,major_elective,,0,,,both,,major
mathematics-ba,Mathematics,BA,52,128,bulletin_scraped,FREE-ELECTIVE-7,Free Elective 7,4,major_elective,,0,,,both,,major
mathematics-computer-science-ba,Mathematics and Computer Science,BA,72,128,bulletin_scraped,FIRST-YEAR-SEMINAR,First-Year Seminar,4,gen_ed,,0,,,fall,College Core Curriculum requirement,major
mathematics-computer-science-ba,Mathematics and Computer Science,BA,72,128,bulletin_scraped,EXPOS-UA 1,Writing as Inquiry,4,gen_ed,,0,,,both,College Core Curriculum requirement,major
mathematics-computer-science-ba,Mathematics and Computer Science,BA,72,128,bulletin_scraped,LANG-LEVEL-1,Foreign Language I,4,gen_ed,,0,,,both,College Core Curriculum requirement,major
mathematics-computer-science-ba,Mathematics and Computer Science,BA,72,128,bulletin_scraped,LANG-LEVEL-2,Foreign Language II,4,gen_ed,,0,,,both,College Core Curriculum requirement,major
mathematics-computer-science-ba,Mathematics and Computer Science,BA,72,128,bulletin_scraped,LANG-LEVEL-3,Foreign Language III,4,gen_ed,,0,,,both,College Core Curriculum requirement,major
mathematics-computer-science-ba,Mathematics and Computer Science,BA,72,128,bulletin_scraped,LANG-LEVEL-4,Foreign Language IV (Intermediate),4,gen_ed,,0,,,both,College Core Curriculum requirement,major
mathematics-computer-science-ba,Mathematics and Computer Science,BA,72,128,bulletin_scraped,CORE-TEXTS,Texts and Ideas,4,gen_ed,,0,,,both,College Core Curriculum requirement,major
mathematics-computer-science-ba,Mathematics and Computer Science,BA,72,128,bulletin_scraped,CORE-CULTURES,Cultures and Contexts,4,gen_ed,,0,,,both,College Core Curriculum requirement,major
mathematics-computer-science-ba,Mathematics and Computer Science,BA,72,128,bulletin_scraped,CORE-EXPRESSIVE,Expressive Culture,4,gen_ed,,0,,,both,College Core Curriculum requirement,major
mathematics-computer-science-ba,Mathematics and Computer Science,BA,72,128,bulletin_scraped,CORE-PHYSICAL-SCI,Physical Science,4,gen_ed,,0,,,both,College Core Curriculum requirement,major
mathematics-computer-science-ba,Mathematics and Computer Science,BA,72,128,bulletin_scraped,CORE-LIFE-SCI,Life Science,4,gen_ed,,0,,,both,College Core Curriculum requirement,major
mathematics-computer-science-ba,Mathematics and Computer Science,BA,72,128,bulletin_scraped,CORE-SOC-SCI,Societies and the Social Sciences,4,gen_ed,,0,,,both,College Core Curriculum requirement,major
mathematics-computer-science-ba,Mathematics and Computer Science,BA,72,128,bulletin_scraped,MATH-UA 120,Discrete Mathematics,4,core_required,,0,,,both,MATH-UA or MATH-UA 131-133 Econ sequence (not both),major
mathematics-computer-science-ba,Mathematics and Computer Science,BA,72,128,bulletin_scraped,MATH-UA 121,Calculus I,4,core_required,,0,,,both,MATH-UA or MATH-UA 131-133 Econ sequence (not both),major
mathematics-computer-science-ba,Mathematics and Computer Science,BA,72,128,bulletin_scraped,MATH-UA 122,Calculus II,4,core_required,,0,MATH-UA 121,,both,MATH-UA or MATH-UA 131-133 Econ sequence (not both),major
mathematics-computer-science-ba,Mathematics and Computer Science,BA,72,128,bulletin_scraped,MATH-UA 123,Calculus III,4,core_required,,0,MATH-UA 122,,both,MATH-UA or MATH-UA 131-133 Econ sequence (not both),major
mathematics-computer-science-ba,Mathematics and Computer Science,BA,72,128,bulletin_scraped,MATH-UA 140,Linear Algebra,4,core_required,,0,MATH-UA 121,,both,MATH-UA or MATH-UA 131-133 Econ sequence (not both),major
mathematics-computer-science-ba,Mathematics and Computer Science,BA,72,128,bulletin_scraped,MATH-UA 325,Analysis,4,core_required,,0,MATH-UA 123|MATH-UA 140,,both,MATH-UA or MATH-UA 131-133 Econ sequence (not both),major
mathematics-computer-science-ba,Mathematics and Computer Science,BA,72,128,bulletin_scraped,MATH-UA 343,Algebra,4,core_required,,0,MATH-UA 325,,both,MATH-UA or MATH-UA 131-133 Econ sequence (not both),major
mathematics-computer-science-ba,Mathematics and Computer Science,BA,72,128,bulletin_scraped,MATH-UA 240,Combinatorics,4,major_elective,mathcs_math_adv,2,MATH-UA 325,,varies,Choose 2 advanced math electives,major
mathematics-computer-science-ba,Mathematics and Computer Science,BA,72,128,bulletin_scraped,MATH-UA 248,Theory of Numbers,4,major_elective,mathcs_math_adv,2,MATH-UA 325,,varies,Choose 2 advanced math electives,major
mathematics-computer-science-ba,Mathematics and Computer Science,BA,72,128,bulletin_scraped,MATH-UA 262,Ordinary Differential Equations,4,major_elective,mathcs_math_adv,2,MATH-UA 325,,varies,Choose 2 advanced math electives,major
mathematics-computer-science-ba,Mathematics and Computer Science,BA,72,128,bulletin_scraped,MATH-UA 263,Partial Differential Equations,4,major_elective,mathcs_math_adv,2,MATH-UA 325,,varies,Choose 2 advanced math electives,major
mathematics-computer-science-ba,Mathematics and Computer Science,BA,72,128,bulletin_scraped,MATH-UA 264,Chaos & Dynamical Systems,4,major_elective,mathcs_math_adv,2,MATH-UA 325,,varies,Choose 2 advanced math electives,major
mathematics-computer-science-ba,Mathematics and Computer Science,BA,72,128,bulletin_scraped,MATH-UA 329,Honors Analysis II,4,major_elective,mathcs_math_adv,2,MATH-UA 325,,varies,Choose 2 advanced math electives,major
mathematics-computer-science-ba,Mathematics and Computer Science,BA,72,128,bulletin_scraped,MATH-UA 333,Theory of Probability,4,major_elective,mathcs_math_adv,2,MATH-UA 325,,varies,Choose 2 advanced math electives,major
mathematics-computer-science-ba,Mathematics and Computer Science,BA,72,128,bulletin_scraped,MATH-UA 334,Mathematical Statistics,4,major_elective,mathcs_math_adv,2,MATH-UA 325,,varies,Choose 2 advanced math electives,major
mathematics-computer-science-ba,Mathematics and Computer Science,BA,72,128,bulletin_scraped,MATH-UA-GEN-ELECTIVE-1,General Mathematics Elective,4,major_elective,,0,,,varies,Any MATH-UA 120+; not CSCI-UA/DS-UA,major
mathematics-computer-science-ba,Mathematics and Computer Science,BA,72,128,bulletin_scraped,CSCI-UA 2,Introduction to Computer Programming,4,core_required,,0,,,both,,major
mathematics-computer-science-ba,Mathematics and Computer Science,BA,72,128,bulletin_scraped,CSCI-UA 101,Introduction to Computer Science,4,core_required,,0,CSCI-UA 2,,both,,major
mathematics-computer-science-ba,Mathematics and Computer Science,BA,72,128,bulletin_scraped,CSCI-UA 102,Data Structures,4,core_required,,0,CSCI-UA 101,,both,,major
mathematics-computer-science-ba,Mathematics and Computer Science,BA,72,128,bulletin_scraped,CSCI-UA 201,Computer Systems Organization,4,core_required,,0,CSCI-UA 102,,both,,major
mathematics-computer-science-ba,Mathematics and Computer Science,BA,72,128,bulletin_scraped,CSCI-UA 202,Operating Systems,4,core_required,,0,CSCI-UA 201,,both,,major
mathematics-computer-science-ba,Mathematics and Computer Science,BA,72,128,bulletin_scraped,CSCI-UA 310,Basic Algorithms,4,core_required,,0,CSCI-UA 102|MATH-UA 120|MATH-UA 121,,both,,major
mathematics-computer-science-ba,Mathematics and Computer Science,BA,72,128,bulletin_scraped,CSCI-UA 421,Numerical Computing,4,core_required,,0,CSCI-UA 201|MATH-UA 121,,both,,major
mathematics-computer-science-ba,Mathematics and Computer Science,BA,72,128,bulletin_scraped,CSCI-UA-4XX-ELECTIVE-1,CS Advanced Elective 1 (400-level),4,major_elective,mathcs_cs_electives,2,CSCI-UA 201,,varies,,major
mathematics-computer-science-ba,Mathematics and Computer Science,BA,72,128,bulletin_scraped,CSCI-UA-4XX-ELECTIVE-2,CS Advanced Elective 2 (400-level),4,major_elective,mathcs_cs_electives,2,CSCI-UA 201,,varies,,major
mathematics-computer-science-ba,Mathematics and Computer Science,BA,72,128,bulletin_scraped,FREE-ELECTIVE-1,Free Elective,4,major_elective,,0,,,both,,major
sociology-ba,Sociology,BA,36,128,bulletin_scraped,FIRST-YEAR-SEMINAR,First-Year Seminar,4,gen_ed,,0,,,fall,College Core Curriculum requirement,major
sociology-ba,Sociology,BA,36,128,bulletin_scraped,EXPOS-UA 1,Writing as Inquiry,4,gen_ed,,0,,,both,College Core Curriculum requirement,major
sociology-ba,Sociology,BA,36,128,bulletin_scraped,LANG-LEVEL-1,Foreign Language I,4,gen_ed,,0,,,both,College Core Curriculum requirement,major
sociology-ba,Sociology,BA,36,128,bulletin_scraped,LANG-LEVEL-2,Foreign Language II,4,gen_ed,,0,,,both,College Core Curriculum requirement,major
sociology-ba,Sociology,BA,36,128,bulletin_scraped,LANG-LEVEL-3,Foreign Language III,4,gen_ed,,0,,,both,College Core Curriculum requirement,major
sociology-ba,Sociology,BA,36,128,bulletin_scraped,LANG-LEVEL-4,Foreign Language IV (Intermediate),4,gen_ed,,0,,,both,College Core Curriculum requirement,major
sociology-ba,Sociology,BA,36,128,bulletin_scraped,CORE-TEXTS,Texts and Ideas,4,gen_ed,,0,,,both,College Core Curriculum requirement,major
sociology-ba,Sociology,BA,36,128,bulletin_scraped,CORE-CULTURES,Cultures and Contexts,4,gen_ed,,0,,,both,College Core Curriculum requirement,major
sociology-ba,Sociology,BA,36,128,bulletin_scraped,CORE-EXPRESSIVE,Expressive Culture,4,gen_ed,,0,,,both,College Core Curriculum requirement,major
sociology-ba,Sociology,BA,36,128,bulletin_scraped,CORE-PHYSICAL-SCI,Physical Science,4,gen_ed,,0,,,both,College Core Curriculum requirement,major
sociology-ba,Sociology,BA,36,128,bulletin_scraped,CORE-LIFE-SCI,Life Science,4,gen_ed,,0,,,both,College Core Curriculum requirement,major
sociology-ba,Sociology,BA,36,128,bulletin_scraped,SOC-UA 1,Introduction to Sociology,4,core_required,,0,,,both,,major
sociology-ba,Sociology,BA,36,128,bulletin_scraped,SOC-UA 111,Sociological Theory,4,core_required,,0,SOC-UA 1,,both,,major
sociology-ba,Sociology,BA,36,128,bulletin_scraped,SOC-UA 301,Research Methods,4,core_required,,0,SOC-UA 1,,both,,major
sociology-ba,Sociology,BA,36,128,bulletin_scraped,SOC-UA 302,Statistics for Social Research,4,core_required,,0,SOC-UA 301,,both,,major
sociology-ba,Sociology,BA,36,128,bulletin_scraped,SOC-UA 940,Senior Capstone Seminar,4,core_required,soc_capstone,1,SOC-UA 301,,varies,Prerequisite is SOC-UA 301,major
sociology-ba,Sociology,BA,36,128,bulletin_scraped,SOC-UA 941,Senior Capstone Seminar (Alt),4,core_required,soc_capstone,1,SOC-UA 301,,varies,Prerequisite is SOC-UA 301,major
sociology-ba,Sociology,BA,36,128,bulletin_scraped,SOC-UA-ELECTIVE-1,Sociology Elective 1,4,major_elective,soc_electives,4,SOC-UA 1,,varies,Up to 2 may be non-SOC-UA social science courses with DUS approval,major
sociology-ba,Sociology,BA,36,128,bulletin_scraped,SOC-UA-ELECTIVE-2,Sociology Elective 2,4,major_elective,soc_electives,4,SOC-UA 1,,varies,Up to 2 may be non-SOC-UA social science courses with DUS approval,major
sociology-ba,Sociology,BA,36,128,bulletin_scraped,SOC-UA-ELECTIVE-3,Sociology Elective 3,4,major_elective,soc_electives,4,SOC-UA 1,,varies,Up to 2 may be non-SOC-UA social science courses with DUS approval,major
sociology-ba,Sociology,BA,36,128,bulletin_scraped,SOC-UA-ELECTIVE-4,Sociology Elective 4,4,major_elective,soc_electives,4,SOC-UA 1,,varies,Up to 2 may be non-SOC-UA social science courses with DUS approval,major
sociology-ba,Sociology,BA,36,128,bulletin_scraped,FREE-ELECTIVE-1,Free Elective 1,4,major_elective,,0,,,both,,major
sociology-ba,Sociology,BA,36,128,bulletin_scraped,FREE-ELECTIVE-2,Free Elective 2,4,major_elective,,0,,,both,,major
sociology-ba,Sociology,BA,36,128,bulletin_scraped,FREE-ELECTIVE-3,Free Elective 3,4,major_elective,,0,,,both,,major
sociology-ba,Sociology,BA,36,128,bulletin_scraped,FREE-ELECTIVE-4,Free Elective 4,4,major_elective,,0,,,both,,major
sociology-ba,Sociology,BA,36,128,bulletin_scraped,FREE-ELECTIVE-5,Free Elective 5,4,major_elective,,0,,,both,,major
sociology-ba,Sociology,BA,36,128,bulletin_scraped,FREE-ELECTIVE-6,Free Elective 6,4,major_elective,,0,,,both,,major
sociology-ba,Sociology,BA,36,128,bulletin_scraped,FREE-ELECTIVE-7,Free Elective 7,4,major_elective,,0,,,both,,major
sociology-ba,Sociology,BA,36,128,bulletin_scraped,FREE-ELECTIVE-8,Free Elective 8,4,major_elective,,0,,,both,,major
sociology-ba,Sociology,BA,36,128,bulletin_scraped,FREE-ELECTIVE-9,Free Elective 9,4,major_elective,,0,,,both,,major
sociology-ba,Sociology,BA,36,128,bulletin_scraped,FREE-ELECTIVE-10,Free Elective 10,4,major_elective,,0,,,both,,major
sociology-ba,Sociology,BA,36,128,bulletin_scraped,FREE-ELECTIVE-11,Free Elective 11,4,major_elective,,0,,,both,,major
sociology-ba,Sociology,BA,36,128,bulletin_scraped,FREE-ELECTIVE-12,Free Elective 12,4,major_elective,,0,,,both,,major
history-ba,History,BA,36,128,bulletin_scraped,FIRST-YEAR-SEMINAR,First-Year Seminar,4,gen_ed,,0,,,fall,College Core Curriculum requirement,major
history-ba,History,BA,36,128,bulletin_scraped,EXPOS-UA 1,Writing as Inquiry,4,gen_ed,,0,,,both,College Core Curriculum requirement,major
history-ba,History,BA,36,128,bulletin_scraped,LANG-LEVEL-1,Foreign Language I,4,gen_ed,,0,,,both,College Core Curriculum requirement,major
history-ba,History,BA,36,128,bulletin_scraped,LANG-LEVEL-2,Foreign Language II,4,gen_ed,,0,,,both,College Core Curriculum requirement,major
history-ba,History,BA,36,128,bulletin_scraped,LANG-LEVEL-3,Foreign Language III,4,gen_ed,,0,,,both,College Core Curriculum requirement,major
history-ba,History,BA,36,128,bulletin_scraped,LANG-LEVEL-4,Foreign Language IV (Intermediate),4,gen_ed,,0,,,both,College Core Curriculum requirement,major
history-ba,History,BA,36,128,bulletin_scraped,CORE-TEXTS,Texts and Ideas,4,gen_ed,,0,,,both,College Core Curriculum requirement,major
history-ba,History,BA,36,128,bulletin_scraped,CORE-CULTURES,Cultures and Contexts,4,gen_ed,,0,,,both,College Core Curriculum requirement,major
history-ba,History,BA,36,128,bulletin_scraped,CORE-EXPRESSIVE,Expressive Culture,4,gen_ed,,0,,,both,College Core Curriculum requirement,major
history-ba,History,BA,36,128,bulletin_scraped,CORE-PHYSICAL-SCI,Physical Science,4,gen_ed,,0,,,both,College Core Curriculum requirement,major
history-ba,History,BA,36,128,bulletin_scraped,CORE-LIFE-SCI,Life Science,4,gen_ed,,0,,,both,College Core Curriculum requirement,major
history-ba,History,BA,36,128,bulletin_scraped,CORE-QUANT,Quantitative Reasoning,4,gen_ed,,0,,,both,College Core Curriculum requirement,major
history-ba,History,BA,36,128,bulletin_scraped,HIST-UA 900,Workshop in History,4,core_required,hist_workshop,1,,,varies,Workshop: prerequisite for capstone seminar,major
history-ba,History,BA,36,128,bulletin_scraped,HIST-UA 901,Money in World History,4,core_required,hist_workshop,1,,,varies,Workshop: prerequisite for capstone seminar,major
history-ba,History,BA,36,128,bulletin_scraped,HIST-UA 920,Medieval France,4,core_required,hist_workshop,1,,,varies,Workshop: prerequisite for capstone seminar,major
history-ba,History,BA,36,128,bulletin_scraped,HIST-UA 924,Nations and Nationalisms in Europe,4,core_required,hist_workshop,1,,,varies,Workshop: prerequisite for capstone seminar,major
history-ba,History,BA,36,128,bulletin_scraped,HIST-UA 931,WWII in East Asia,4,core_required,hist_workshop,1,,,varies,Workshop: prerequisite for capstone seminar,major
history-ba,History,BA,36,128,bulletin_scraped,HIST-UA 992,Seminar (Workshop),4,core_required,hist_workshop,1,,,varies,Workshop: prerequisite for capstone seminar,major
history-ba,History,BA,36,128,bulletin_scraped,HIST-UA 401,Senior Capstone Seminar,4,core_required,hist_capstone,1,HIST-UA 900,,varies,Senior capstone; requires workshop first,major
history-ba,History,BA,36,128,bulletin_scraped,HIST-UA 421,Histories of Neoliberalism,4,core_required,hist_capstone,1,HIST-UA 900,,varies,Senior capstone; requires workshop first,major
history-ba,History,BA,36,128,bulletin_scraped,HIST-UA 445,Political Economy and Empire,4,core_required,hist_capstone,1,HIST-UA 900,,varies,Senior capstone; requires workshop first,major
history-ba,History,BA,36,128,bulletin_scraped,HIST-UA 452,Writing British History,4,core_required,hist_capstone,1,HIST-UA 900,,varies,Senior capstone; requires workshop first,major
history-ba,History,BA,36,128,bulletin_scraped,HIST-UA 454,Historical Consciousness in Latin America,4,core_required,hist_capstone,1,HIST-UA 900,,varies,Senior capstone; requires workshop first,major
history-ba,History,BA,36,128,bulletin_scraped,HIST-UA 472,Topics in Modern Middle East History,4,core_required,hist_capstone,1,HIST-UA 900,,varies,Senior capstone; requires workshop first,major
history-ba,History,BA,36,128,bulletin_scraped,HIST-UA-ADV-1,Advanced History Elective 1 (HIST-UA 100+),4,major_elective,hist_advanced,5,,,varies,Must be HIST-UA 100 or above; ≥8cr must be pre-1800,major
history-ba,History,BA,36,128,bulletin_scraped,HIST-UA-ADV-2,Advanced History Elective 2 (HIST-UA 100+),4,major_elective,hist_advanced,5,,,varies,Must be HIST-UA 100 or above; ≥8cr must be pre-1800,major
history-ba,History,BA,36,128,bulletin_scraped,HIST-UA-ADV-3,Advanced History Elective 3 (HIST-UA 100+),4,major_elective,hist_advanced,5,,,varies,Must be HIST-UA 100 or above; ≥8cr must be pre-1800,major
history-ba,History,BA,36,128,bulletin_scraped,HIST-UA-ADV-4,Advanced History Elective 4 (HIST-UA 100+),4,major_elective,hist_advanced,5,,,varies,Must be HIST-UA 100 or above; ≥8cr must be pre-1800,major
history-ba,History,BA,36,128,bulletin_scraped,HIST-UA-ADV-5,Advanced History Elective 5 (HIST-UA 100+),4,major_elective,hist_advanced,5,,,varies,Must be HIST-UA 100 or above; ≥8cr must be pre-1800,major
history-ba,History,BA,36,128,bulletin_scraped,HIST-GEO-US,History: US Geographic Requirement,4,core_required,hist_geo_us,1,,,varies,One course in US history (may overlap w/ other requirements),major
history-ba,History,BA,36,128,bulletin_scraped,HIST-GEO-EUROPEAN,History: European Geographic Requirement,4,core_required,hist_geo_european,1,,,varies,One course in European history (may overlap w/ other requirements),major
history-ba,History,BA,36,128,bulletin_scraped,HIST-GEO-NONWESTERN,History: Non-Western Geographic Requirement,4,core_required,hist_geo_non-western,1,,,varies,One course in Non-Western history (may overlap w/ other requirements),major
history-ba,History,BA,36,128,bulletin_scraped,FREE-ELECTIVE-1,Free Elective 1,4,major_elective,,0,,,both,,major
history-ba,History,BA,36,128,bulletin_scraped,FREE-ELECTIVE-2,Free Elective 2,4,major_elective,,0,,,both,,major
history-ba,History,BA,36,128,bulletin_scraped,FREE-ELECTIVE-3,Free Elective 3,4,major_elective,,0,,,both,,major
history-ba,History,BA,36,128,bulletin_scraped,FREE-ELECTIVE-4,Free Elective 4,4,major_elective,,0,,,both,,major
history-ba,History,BA,36,128,bulletin_scraped,FREE-ELECTIVE-5,Free Elective 5,4,major_elective,,0,,,both,,major
history-ba,History,BA,36,128,bulletin_scraped,FREE-ELECTIVE-6,Free Elective 6,4,major_elective,,0,,,both,,major
history-ba,History,BA,36,128,bulletin_scraped,FREE-ELECTIVE-7,Free Elective 7,4,major_elective,,0,,,both,,major
history-ba,History,BA,36,128,bulletin_scraped,FREE-ELECTIVE-8,Free Elective 8,4,major_elective,,0,,,both,,major
history-ba,History,BA,36,128,bulletin_scraped,FREE-ELECTIVE-9,Free Elective 9,4,major_elective,,0,,,both,,major
history-ba,History,BA,36,128,bulletin_scraped,FREE-ELECTIVE-10,Free Elective 10,4,major_elective,,0,,,both,,major
history-ba,History,BA,36,128,bulletin_scraped,FREE-ELECTIVE-11,Free Elective 11,4,major_elective,,0,,,both,,major
data-science-ba,Data Science,BA,52,128,bulletin_scraped,FIRST-YEAR-SEMINAR,First-Year Seminar,4,gen_ed,,0,,,fall,College Core Curriculum requirement,major
data-science-ba,Data Science,BA,52,128,bulletin_scraped,EXPOS-UA 1,Writing as Inquiry,4,gen_ed,,0,,,both,College Core Curriculum requirement,major
data-science-ba,Data Science,BA,52,128,bulletin_scraped,LANG-LEVEL-1,Foreign Language I,4,gen_ed,,0,,,both,College Core Curriculum requirement,major
data-science-ba,Data Science,BA,52,128,bulletin_scraped,LANG-LEVEL-2,Foreign Language II,4,gen_ed,,0,,,both,College Core Curriculum requirement,major
data-science-ba,Data Science,BA,52,128,bulletin_scraped,LANG-LEVEL-3,Foreign Language III,4,gen_ed,,0,,,both,College Core Curriculum requirement,major
data-science-ba,Data Science,BA,52,128,bulletin_scraped,LANG-LEVEL-4,Foreign Language IV (Intermediate),4,gen_ed,,0,,,both,College Core Curriculum requirement,major
data-science-ba,Data Science,BA,52,128,bulletin_scraped,CORE-TEXTS,Texts and Ideas,4,gen_ed,,0,,,both,College Core Curriculum requirement,major
data-science-ba,Data Science,BA,52,128,bulletin_scraped,CORE-CULTURES,Cultures and Contexts,4,gen_ed,,0,,,both,College Core Curriculum requirement,major
data-science-ba,Data Science,BA,52,128,bulletin_scraped,CORE-EXPRESSIVE,Expressive Culture,4,gen_ed,,0,,,both,College Core Curriculum requirement,major
data-science-ba,Data Science,BA,52,128,bulletin_scraped,CORE-PHYSICAL-SCI,Physical Science,4,gen_ed,,0,,,both,College Core Curriculum requirement,major
data-science-ba,Data Science,BA,52,128,bulletin_scraped,CORE-LIFE-SCI,Life Science,4,gen_ed,,0,,,both,College Core Curriculum requirement,major
data-science-ba,Data Science,BA,52,128,bulletin_scraped,CORE-SOC-SCI,Societies and the Social Sciences,4,gen_ed,,0,,,both,College Core Curriculum requirement,major
data-science-ba,Data Science,BA,52,128,bulletin_scraped,DS-UA 111,Principles of Data Science I,4,core_required,,0,,,both,Must complete to declare major,major
data-science-ba,Data Science,BA,52,128,bulletin_scraped,DS-UA 112,Principles of Data Science II,4,core_required,,0,DS-UA 111,,both,,major
data-science-ba,Data Science,BA,52,128,bulletin_scraped,DS-UA 201,Causal Inference,4,core_required,,0,DS-UA 112|CSCI-UA 101,,both,,major
data-science-ba,Data Science,BA,52,128,bulletin_scraped,DS-UA 202,Responsible Data Science,4,core_required,,0,DS-UA 111,,spring,Offered every spring,major
data-science-ba,Data Science,BA,52,128,bulletin_scraped,DS-UA 301,Advanced Topics in Data Science,4,core_required,,0,DS-UA 201,,both,,major
data-science-ba,Data Science,BA,52,128,bulletin_scraped,CSCI-UA 2,Introduction to Computer Programming,4,core_required,,0,,,both,Prereq only; doesn't count toward major if skip to 101,major
data-science-ba,Data Science,BA,52,128,bulletin_scraped,CSCI-UA 101,Introduction to Computer Science,4,core_required,,0,CSCI-UA 2,,both,,major
data-science-ba,Data Science,BA,52,128,bulletin_scraped,CSCI-UA 102,Data Structures,4,core_required,,0,CSCI-UA 101,,both,,major
data-science-ba,Data Science,BA,52,128,bulletin_scraped,CSCI-UA 473,Fundamentals of Machine Learning,4,core_required,,0,CSCI-UA 102|MATH-UA 140|MATH-UA 185,,both,,major
data-science-ba,Data Science,BA,52,128,bulletin_scraped,CSCI-UA 479,Data Management and Analysis,4,core_required,,0,CSCI-UA 102,,both,,major
data-science-ba,Data Science,BA,52,128,bulletin_scraped,MATH-UA 121,Calculus I,4,core_required,,0,,,both,Or MATH-UA 131,major
data-science-ba,Data Science,BA,52,128,bulletin_scraped,MATH-UA 122,Calculus II,4,core_required,,0,MATH-UA 121,,both,Or MATH-UA 132,major
data-science-ba,Data Science,BA,52,128,bulletin_scraped,MATH-UA 140,Linear Algebra,4,core_required,,0,MATH-UA 121,,both,Or MATH-UA 148,major
data-science-ba,Data Science,BA,52,128,bulletin_scraped,MATH-UA 185,Probability & Statistics,4,core_required,,0,MATH-UA 121,,both,,major
data-science-ba,Data Science,BA,52,128,bulletin_scraped,CAS-MINOR-COURSE-1,CAS Minor Course 1,4,major_elective,cas_minor,4,,,varies,Required CAS minor (16cr); minor in CS accepted; cannot double-major in CS+DS,major
data-science-ba,Data Science,BA,52,128,bulletin_scraped,CAS-MINOR-COURSE-2,CAS Minor Course 2,4,major_elective,cas_minor,4,,,varies,Required CAS minor (16cr); minor in CS accepted; cannot double-major in CS+DS,major
data-science-ba,Data Science,BA,52,128,bulletin_scraped,CAS-MINOR-COURSE-3,CAS Minor Course 3,4,major_elective,cas_minor,4,,,varies,Required CAS minor (16cr); minor in CS accepted; cannot double-major in CS+DS,major
data-science-ba,Data Science,BA,52,128,bulletin_scraped,CAS-MINOR-COURSE-4,CAS Minor Course 4,4,major_elective,cas_minor,4,,,varies,Required CAS minor (16cr); minor in CS accepted; cannot double-major in CS+DS,major
data-science-ba,Data Science,BA,52,128,bulletin_scraped,FREE-ELECTIVE-1,Free Elective 1,4,major_elective,,0,,,both,,major
data-science-ba,Data Science,BA,52,128,bulletin_scraped,FREE-ELECTIVE-2,Free Elective 2,4,major_elective,,0,,,both,,major
chemistry-ba,Chemistry,BA,62,128,bulletin_scraped,FIRST-YEAR-SEMINAR,First-Year Seminar,4,gen_ed,,0,,,fall,College Core Curriculum requirement,major
chemistry-ba,Chemistry,BA,62,128,bulletin_scraped,EXPOS-UA 1,Writing as Inquiry,4,gen_ed,,0,,,both,College Core Curriculum requirement,major
chemistry-ba,Chemistry,BA,62,128,bulletin_scraped,LANG-LEVEL-1,Foreign Language I,4,gen_ed,,0,,,both,College Core Curriculum requirement,major
chemistry-ba,Chemistry,BA,62,128,bulletin_scraped,LANG-LEVEL-2,Foreign Language II,4,gen_ed,,0,,,both,College Core Curriculum requirement,major
chemistry-ba,Chemistry,BA,62,128,bulletin_scraped,LANG-LEVEL-3,Foreign Language III,4,gen_ed,,0,,,both,College Core Curriculum requirement,major
chemistry-ba,Chemistry,BA,62,128,bulletin_scraped,LANG-LEVEL-4,Foreign Language IV (Intermediate),4,gen_ed,,0,,,both,College Core Curriculum requirement,major
chemistry-ba,Chemistry,BA,62,128,bulletin_scraped,CORE-TEXTS,Texts and Ideas,4,gen_ed,,0,,,both,College Core Curriculum requirement,major
chemistry-ba,Chemistry,BA,62,128,bulletin_scraped,CORE-CULTURES,Cultures and Contexts,4,gen_ed,,0,,,both,College Core Curriculum requirement,major
chemistry-ba,Chemistry,BA,62,128,bulletin_scraped,CORE-EXPRESSIVE,Expressive Culture,4,gen_ed,,0,,,both,College Core Curriculum requirement,major
chemistry-ba,Chemistry,BA,62,128,bulletin_scraped,CORE-SOC-SCI,Societies and the Social Sciences,4,gen_ed,,0,,,both,College Core Curriculum requirement,major
chemistry-ba,Chemistry,BA,62,128,bulletin_scraped,CHEM-UA 125,General Chemistry I & Laboratory,5,core_required,,0,,,both,5cr incl lab; AP Chem NOT accepted,major
chemistry-ba,Chemistry,BA,62,128,bulletin_scraped,CHEM-UA 126,General Chemistry II & Laboratory,5,core_required,,0,CHEM-UA 125,,both,5cr incl lab,major
chemistry-ba,Chemistry,BA,62,128,bulletin_scraped,CHEM-UA 225,Organic Chemistry I & Laboratory,5,core_required,,0,CHEM-UA 126,,both,5cr; or CHEM-UA 227 Majors Orgo I,major
chemistry-ba,Chemistry,BA,62,128,bulletin_scraped,CHEM-UA 226,Organic Chemistry II & Laboratory,5,core_required,,0,CHEM-UA 225,,both,5cr; or CHEM-UA 228 Majors Orgo II,major
chemistry-ba,Chemistry,BA,62,128,bulletin_scraped,CHEM-UA 651,Quantum Mechanics & Spectroscopy,4,core_required,,0,CHEM-UA 226|MATH-UA 122|PHYS-UA 12,,both,Usually taken year 3,major
chemistry-ba,Chemistry,BA,62,128,bulletin_scraped,CHEM-UA 652,Thermodynamics & Kinetics,4,core_required,,0,CHEM-UA 226|MATH-UA 122|PHYS-UA 12,,both,Usually year 3,major
chemistry-ba,Chemistry,BA,62,128,bulletin_scraped,CHEM-UA 661,Physical Chemistry Laboratory,4,core_required,,0,CHEM-UA 651|CHEM-UA 652,,both,,major
chemistry-ba,Chemistry,BA,62,128,bulletin_scraped,CHEM-UA 711,Inorganic Chemistry,4,core_required,,0,CHEM-UA 226,,both,,major
chemistry-ba,Chemistry,BA,62,128,bulletin_scraped,MATH-UA 121,Calculus I,4,core_required,,0,,,both,,major
chemistry-ba,Chemistry,BA,62,128,bulletin_scraped,MATH-UA 122,Calculus II,4,core_required,,0,MATH-UA 121,,both,AP BC score 5 NOT accepted; must take at NYU,major
chemistry-ba,Chemistry,BA,62,128,bulletin_scraped,PHYS-UA 11,General Physics I,5,core_required,,0,MATH-UA 121,,both,5cr,major
chemistry-ba,Chemistry,BA,62,128,bulletin_scraped,PHYS-UA 12,General Physics II,5,core_required,,0,PHYS-UA 11,,both,5cr,major
chemistry-ba,Chemistry,BA,62,128,bulletin_scraped,CHEM-UA-ADV-ELECTIVE-1,Advanced Chemistry Elective 1,4,major_elective,chem_adv_electives,2,CHEM-UA 226,,varies,Advanced CHEM-UA course; research/honors courses do NOT count,major
chemistry-ba,Chemistry,BA,62,128,bulletin_scraped,CHEM-UA-ADV-ELECTIVE-2,Advanced Chemistry Elective 2,4,major_elective,chem_adv_electives,2,CHEM-UA 226,,varies,Advanced CHEM-UA course; research/honors courses do NOT count,major
chemistry-ba,Chemistry,BA,62,128,bulletin_scraped,FREE-ELECTIVE-1,Free Elective 1,4,major_elective,,0,,,both,,major
chemistry-ba,Chemistry,BA,62,128,bulletin_scraped,FREE-ELECTIVE-2,Free Elective 2,4,major_elective,,0,,,both,,major
chemistry-ba,Chemistry,BA,62,128,bulletin_scraped,FREE-ELECTIVE-3,Free Elective 3,4,major_elective,,0,,,both,,major
chemistry-ba,Chemistry,BA,62,128,bulletin_scraped,FREE-ELECTIVE-4,Free Elective 4,4,major_elective,,0,,,both,,major
chemistry-ba,Chemistry,BA,62,128,bulletin_scraped,FREE-ELECTIVE-5,Free Elective 5,4,major_elective,,0,,,both,,major
chemistry-ba,Chemistry,BA,62,128,bulletin_scraped,FREE-ELECTIVE-6,Free Elective 6,4,major_elective,,0,,,both,,major
neural-science-bs,Neural Science,BS,63,128,bulletin_knowledge,FIRST-YEAR-SEMINAR,First-Year Seminar,4,gen_ed,,0,,,fall,College Core Curriculum requirement,major
neural-science-bs,Neural Science,BS,63,128,bulletin_knowledge,EXPOS-UA 1,Writing as Inquiry,4,gen_ed,,0,,,both,College Core Curriculum requirement,major
neural-science-bs,Neural Science,BS,63,128,bulletin_knowledge,LANG-LEVEL-1,Foreign Language I,4,gen_ed,,0,,,both,College Core Curriculum requirement,major
neural-science-bs,Neural Science,BS,63,128,bulletin_knowledge,LANG-LEVEL-2,Foreign Language II,4,gen_ed,,0,,,both,College Core Curriculum requirement,major
neural-science-bs,Neural Science,BS,63,128,bulletin_knowledge,LANG-LEVEL-3,Foreign Language III,4,gen_ed,,0,,,both,College Core Curriculum requirement,major
neural-science-bs,Neural Science,BS,63,128,bulletin_knowledge,LANG-LEVEL-4,Foreign Language IV (Intermediate),4,gen_ed,,0,,,both,College Core Curriculum requirement,major
neural-science-bs,Neural Science,BS,63,128,bulletin_knowledge,CORE-TEXTS,Texts and Ideas,4,gen_ed,,0,,,both,College Core Curriculum requirement,major
neural-science-bs,Neural Science,BS,63,128,bulletin_knowledge,CORE-CULTURES,Cultures and Contexts,4,gen_ed,,0,,,both,College Core Curriculum requirement,major
neural-science-bs,Neural Science,BS,63,128,bulletin_knowledge,CORE-EXPRESSIVE,Expressive Culture,4,gen_ed,,0,,,both,College Core Curriculum requirement,major
neural-science-bs,Neural Science,BS,63,128,bulletin_knowledge,BIOL-UA 11,Principles of Biology I,4,core_required,,0,,,both,,major
neural-science-bs,Neural Science,BS,63,128,bulletin_knowledge,BIOL-UA 12,Principles of Biology II,4,core_required,,0,BIOL-UA 11,,both,,major
neural-science-bs,Neural Science,BS,63,128,bulletin_knowledge,CHEM-UA 125,General Chemistry I & Laboratory,5,core_required,,0,,,both,5cr,major
neural-science-bs,Neural Science,BS,63,128,bulletin_knowledge,CHEM-UA 126,General Chemistry II & Laboratory,5,core_required,,0,CHEM-UA 125,,both,5cr,major
neural-science-bs,Neural Science,BS,63,128,bulletin_knowledge,MATH-UA 121,Calculus I,4,core_required,,0,,,both,,major
neural-science-bs,Neural Science,BS,63,128,bulletin_knowledge,MATH-UA 122,Calculus II,4,core_required,,0,MATH-UA 121,,both,,major
neural-science-bs,Neural Science,BS,63,128,bulletin_knowledge,PHYS-UA 11,General Physics I,5,core_required,,0,MATH-UA 121,,both,5cr,major
neural-science-bs,Neural Science,BS,63,128,bulletin_knowledge,PHYS-UA 12,General Physics II,5,core_required,,0,PHYS-UA 11,,both,5cr; prereq for Physics II is Physics I,major
neural-science-bs,Neural Science,BS,63,128,bulletin_knowledge,NEURL-UA 100,Foundations of Neural Science,4,core_required,,0,BIOL-UA 12,,both,Core NS course,major
neural-science-bs,Neural Science,BS,63,128,bulletin_knowledge,NEURL-UA 200,Cellular & Molecular Neuroscience,4,core_required,,0,NEURL-UA 100,,both,,major
neural-science-bs,Neural Science,BS,63,128,bulletin_knowledge,NEURL-UA 210,Systems Neuroscience,4,core_required,,0,NEURL-UA 100,,both,,major
neural-science-bs,Neural Science,BS,63,128,bulletin_knowledge,NEURL-UA 220,Behavioral & Cognitive Neuroscience,4,core_required,,0,NEURL-UA 100,,both,,major
neural-science-bs,Neural Science,BS,63,128,bulletin_knowledge,PSYCH-UA 10,Statistics for the Behavioral Sciences,4,core_required,,0,,,both,Or approved stats equiv,major
neural-science-bs,Neural Science,BS,63,128,bulletin_knowledge,NEURL-UA-ELECTIVE-1,Neural Science Elective 1 (NEURL-UA 3xx),4,major_elective,ns_electives,2,NEURL-UA 100,,varies,Select from NEURL-UA 3xx courses or approved list,major
neural-science-bs,Neural Science,BS,63,128,bulletin_knowledge,NEURL-UA-ELECTIVE-2,Neural Science Elective 2 (NEURL-UA 3xx),4,major_elective,ns_electives,2,NEURL-UA 100,,varies,Select from NEURL-UA 3xx courses or approved list,major
neural-science-bs,Neural Science,BS,63,128,bulletin_knowledge,FREE-ELECTIVE-1,Free Elective 1,4,major_elective,,0,,,both,,major
physics-ba,Physics,BA,60,128,bulletin_knowledge,FIRST-YEAR-SEMINAR,First-Year Seminar,4,gen_ed,,0,,,fall,College Core Curriculum requirement,major
physics-ba,Physics,BA,60,128,bulletin_knowledge,EXPOS-UA 1,Writing as Inquiry,4,gen_ed,,0,,,both,College Core Curriculum requirement,major
physics-ba,Physics,BA,60,128,bulletin_knowledge,LANG-LEVEL-1,Foreign Language I,4,gen_ed,,0,,,both,College Core Curriculum requirement,major
physics-ba,Physics,BA,60,128,bulletin_knowledge,LANG-LEVEL-2,Foreign Language II,4,gen_ed,,0,,,both,College Core Curriculum requirement,major
physics-ba,Physics,BA,60,128,bulletin_knowledge,LANG-LEVEL-3,Foreign Language III,4,gen_ed,,0,,,both,College Core Curriculum requirement,major
physics-ba,Physics,BA,60,128,bulletin_knowledge,LANG-LEVEL-4,Foreign Language IV (Intermediate),4,gen_ed,,0,,,both,College Core Curriculum requirement,major
physics-ba,Physics,BA,60,128,bulletin_knowledge,CORE-TEXTS,Texts and Ideas,4,gen_ed,,0,,,both,College Core Curriculum requirement,major
physics-ba,Physics,BA,60,128,bulletin_knowledge,CORE-CULTURES,Cultures and Contexts,4,gen_ed,,0,,,both,College Core Curriculum requirement,major
physics-ba,Physics,BA,60,128,bulletin_knowledge,CORE-EXPRESSIVE,Expressive Culture,4,gen_ed,,0,,,both,College Core Curriculum requirement,major
physics-ba,Physics,BA,60,128,bulletin_knowledge,CORE-PHYSICAL-SCI,Physical Science,4,gen_ed,,0,,,both,College Core Curriculum requirement,major
physics-ba,Physics,BA,60,128,bulletin_knowledge,CORE-LIFE-SCI,Life Science,4,gen_ed,,0,,,both,College Core Curriculum requirement,major
physics-ba,Physics,BA,60,128,bulletin_knowledge,CORE-SOC-SCI,Societies and the Social Sciences,4,gen_ed,,0,,,both,College Core Curriculum requirement,major
physics-ba,Physics,BA,60,128,bulletin_knowledge,PHYS-UA 91,Physics I: Classical & Quantum Mechanics,4,core_required,,0,MATH-UA 121,,both,Or PHYS-UA 11,major
physics-ba,Physics,BA,60,128,bulletin_knowledge,PHYS-UA 71,Intro Experimental Physics Lab I,2,core_required,,0,,,both,2cr lab; coreq with PHYS-UA 91,major
physics-ba,Physics,BA,60,128,bulletin_knowledge,PHYS-UA 93,Physics II: Electromagnetism & Optics,4,core_required,,0,PHYS-UA 91,,both,Or PHYS-UA 12,major
physics-ba,Physics,BA,60,128,bulletin_knowledge,PHYS-UA 72,Intro Experimental Physics Lab II,2,core_required,,0,PHYS-UA 71,,both,2cr lab; coreq with PHYS-UA 93,major
physics-ba,Physics,BA,60,128,bulletin_knowledge,PHYS-UA 95,Physics III: Thermal & Modern Physics,4,core_required,,0,PHYS-UA 93,,both,,major
physics-ba,Physics,BA,60,128,bulletin_knowledge,PHYS-UA 106,Mathematical Physics,4,core_required,,0,MATH-UA 123,,both,,major
physics-ba,Physics,BA,60,128,bulletin_knowledge,PHYS-UA 108,Quantum Mechanics I,4,core_required,,0,PHYS-UA 95|PHYS-UA 106,,both,,major
physics-ba,Physics,BA,60,128,bulletin_knowledge,PHYS-UA 111,Electrodynamics,4,core_required,,0,PHYS-UA 95|PHYS-UA 106,,both,,major
physics-ba,Physics,BA,60,128,bulletin_knowledge,PHYS-UA 113,Statistical Mechanics & Thermodynamics,4,core_required,,0,PHYS-UA 95,,both,,major
physics-ba,Physics,BA,60,128,bulletin_knowledge,MATH-UA 121,Calculus I,4,core_required,,0,,,both,,major
physics-ba,Physics,BA,60,128,bulletin_knowledge,MATH-UA 122,Calculus II,4,core_required,,0,MATH-UA 121,,both,,major
physics-ba,Physics,BA,60,128,bulletin_knowledge,MATH-UA 123,Calculus III,4,core_required,,0,MATH-UA 122,,both,,major
physics-ba,Physics,BA,60,128,bulletin_knowledge,MATH-UA 140,Linear Algebra,4,core_required,,0,MATH-UA 121,,both,,major
physics-ba,Physics,BA,60,128,bulletin_knowledge,PHYS-UA-ELECTIVE-1,Advanced Physics Elective 1,4,major_elective,phys_electives,3,PHYS-UA 95,,varies,Select from approved PHYS-UA advanced elective list,major
physics-ba,Physics,BA,60,128,bulletin_knowledge,PHYS-UA-ELECTIVE-2,Advanced Physics Elective 2,4,major_elective,phys_electives,3,PHYS-UA 95,,varies,Select from approved PHYS-UA advanced elective list,major
physics-ba,Physics,BA,60,128,bulletin_knowledge,PHYS-UA-ELECTIVE-3,Advanced Physics Elective 3,4,major_elective,phys_electives,3,PHYS-UA 95,,varies,Select from approved PHYS-UA advanced elective list,major
physics-ba,Physics,BA,60,128,bulletin_knowledge,FREE-ELECTIVE-1,Free Elective 1,4,major_elective,,0,,,both,,major
physics-ba,Physics,BA,60,128,bulletin_knowledge,FREE-ELECTIVE-2,Free Elective 2,4,major_elective,,0,,,both,,major
physics-ba,Physics,BA,60,128,bulletin_knowledge,FREE-ELECTIVE-3,Free Elective 3,4,major_elective,,0,,,both,,major
physics-ba,Physics,BA,60,128,bulletin_knowledge,FREE-ELECTIVE-4,Free Elective 4,4,major_elective,,0,,,both,,major
physics-bs,Physics,BS,76,128,bulletin_knowledge,FIRST-YEAR-SEMINAR,First-Year Seminar,4,gen_ed,,0,,,fall,College Core Curriculum requirement,major
physics-bs,Physics,BS,76,128,bulletin_knowledge,EXPOS-UA 1,Writing as Inquiry,4,gen_ed,,0,,,both,College Core Curriculum requirement,major
physics-bs,Physics,BS,76,128,bulletin_knowledge,LANG-LEVEL-1,Foreign Language I,4,gen_ed,,0,,,both,College Core Curriculum requirement,major
physics-bs,Physics,BS,76,128,bulletin_knowledge,LANG-LEVEL-2,Foreign Language II,4,gen_ed,,0,,,both,College Core Curriculum requirement,major
physics-bs,Physics,BS,76,128,bulletin_knowledge,LANG-LEVEL-3,Foreign Language III,4,gen_ed,,0,,,both,College Core Curriculum requirement,major
physics-bs,Physics,BS,76,128,bulletin_knowledge,LANG-LEVEL-4,Foreign Language IV (Intermediate),4,gen_ed,,0,,,both,College Core Curriculum requirement,major
physics-bs,Physics,BS,76,128,bulletin_knowledge,CORE-TEXTS,Texts and Ideas,4,gen_ed,,0,,,both,College Core Curriculum requirement,major
physics-bs,Physics,BS,76,128,bulletin_knowledge,CORE-CULTURES,Cultures and Contexts,4,gen_ed,,0,,,both,College Core Curriculum requirement,major
physics-bs,Physics,BS,76,128,bulletin_knowledge,CORE-EXPRESSIVE,Expressive Culture,4,gen_ed,,0,,,both,College Core Curriculum requirement,major
physics-bs,Physics,BS,76,128,bulletin_knowledge,CORE-PHYSICAL-SCI,Physical Science,4,gen_ed,,0,,,both,College Core Curriculum requirement,major
physics-bs,Physics,BS,76,128,bulletin_knowledge,CORE-LIFE-SCI,Life Science,4,gen_ed,,0,,,both,College Core Curriculum requirement,major
physics-bs,Physics,BS,76,128,bulletin_knowledge,CORE-SOC-SCI,Societies and the Social Sciences,4,gen_ed,,0,,,both,College Core Curriculum requirement,major
physics-bs,Physics,BS,76,128,bulletin_knowledge,PHYS-UA 91,Physics I,4,core_required,,0,MATH-UA 121,,both,,major
physics-bs,Physics,BS,76,128,bulletin_knowledge,PHYS-UA 71,Intro Experimental Physics Lab I,2,core_required,,0,,,both,,major
physics-bs,Physics,BS,76,128,bulletin_knowledge,PHYS-UA 93,Physics II,4,core_required,,0,PHYS-UA 91,,both,,major
physics-bs,Physics,BS,76,128,bulletin_knowledge,PHYS-UA 72,Intro Experimental Physics Lab II,2,core_required,,0,PHYS-UA 71,,both,,major
physics-bs,Physics,BS,76,128,bulletin_knowledge,PHYS-UA 95,Physics III,4,core_required,,0,PHYS-UA 93,,both,,major
physics-bs,Physics,BS,76,128,bulletin_knowledge,PHYS-UA 106,Mathematical Physics,4,core_required,,0,MATH-UA 123,,both,,major
physics-bs,Physics,BS,76,128,bulletin_knowledge,PHYS-UA 108,Quantum Mechanics I,4,core_required,,0,PHYS-UA 106,,both,,major
physics-bs,Physics,BS,76,128,bulletin_knowledge,PHYS-UA 111,Electrodynamics,4,core_required,,0,PHYS-UA 106,,both,,major
physics-bs,Physics,BS,76,128,bulletin_knowledge,PHYS-UA 113,Statistical Mechanics & Thermodynamics,4,core_required,,0,PHYS-UA 95,,both,,major
physics-bs,Physics,BS,76,128,bulletin_knowledge,PHYS-UA 210,Computational Physics,4,core_required,,0,PHYS-UA 93|MATH-UA 122,,both,,major
physics-bs,Physics,BS,76,128,bulletin_knowledge,CHEM-UA 125,General Chemistry I & Laboratory,5,core_required,,0,,,both,,major
physics-bs,Physics,BS,76,128,bulletin_knowledge,CHEM-UA 126,General Chemistry II & Laboratory,5,core_required,,0,CHEM-UA 125,,both,,major
physics-bs,Physics,BS,76,128,bulletin_knowledge,MATH-UA 121,Calculus I,4,core_required,,0,,,both,,major
physics-bs,Physics,BS,76,128,bulletin_knowledge,MATH-UA 122,Calculus II,4,core_required,,0,MATH-UA 121,,both,,major
physics-bs,Physics,BS,76,128,bulletin_knowledge,MATH-UA 123,Calculus III,4,core_required,,0,MATH-UA 122,,both,,major
physics-bs,Physics,BS,76,128,bulletin_knowledge,MATH-UA 140,Linear Algebra,4,core_required,,0,MATH-UA 121,,both,,major
physics-bs,Physics,BS,76,128,bulletin_knowledge,BIOL-UA 11,Principles of Biology I,4,core_required,phys_bs_bio_or_chem,1,,,both,BS: one course in biology or chemistry above Gen Chem II,major
physics-bs,Physics,BS,76,128,bulletin_knowledge,CHEM-UA 225,Organic Chemistry I & Lab,4,core_required,phys_bs_bio_or_chem,1,,,both,BS: one course in biology or chemistry above Gen Chem II,major
physics-bs,Physics,BS,76,128,bulletin_knowledge,PHYS-UA-ELECTIVE-1,Advanced Physics Elective 1,4,major_elective,phys_bs_electives,2,PHYS-UA 95,,varies,,major
physics-bs,Physics,BS,76,128,bulletin_knowledge,PHYS-UA-ELECTIVE-2,Advanced Physics Elective 2,4,major_elective,phys_bs_electives,2,PHYS-UA 95,,varies,,major
physics-bs,Physics,BS,76,128,bulletin_knowledge,FREE-ELECTIVE-1,Free Elective 1,4,major_elective,,0,,,both,,major
physics-bs,Physics,BS,76,128,bulletin_knowledge,FREE-ELECTIVE-2,Free Elective 2,4,major_elective,,0,,,both,,major
politics-ba,Politics,BA,36,128,bulletin_knowledge,FIRST-YEAR-SEMINAR,First-Year Seminar,4,gen_ed,,0,,,fall,College Core Curriculum requirement,major
politics-ba,Politics,BA,36,128,bulletin_knowledge,EXPOS-UA 1,Writing as Inquiry,4,gen_ed,,0,,,both,College Core Curriculum requirement,major
politics-ba,Politics,BA,36,128,bulletin_knowledge,LANG-LEVEL-1,Foreign Language I,4,gen_ed,,0,,,both,College Core Curriculum requirement,major
politics-ba,Politics,BA,36,128,bulletin_knowledge,LANG-LEVEL-2,Foreign Language II,4,gen_ed,,0,,,both,College Core Curriculum requirement,major
politics-ba,Politics,BA,36,128,bulletin_knowledge,LANG-LEVEL-3,Foreign Language III,4,gen_ed,,0,,,both,College Core Curriculum requirement,major
politics-ba,Politics,BA,36,128,bulletin_knowledge,LANG-LEVEL-4,Foreign Language IV (Intermediate),4,gen_ed,,0,,,both,College Core Curriculum requirement,major
politics-ba,Politics,BA,36,128,bulletin_knowledge,CORE-TEXTS,Texts and Ideas,4,gen_ed,,0,,,both,College Core Curriculum requirement,major
politics-ba,Politics,BA,36,128,bulletin_knowledge,CORE-CULTURES,Cultures and Contexts,4,gen_ed,,0,,,both,College Core Curriculum requirement,major
politics-ba,Politics,BA,36,128,bulletin_knowledge,CORE-EXPRESSIVE,Expressive Culture,4,gen_ed,,0,,,both,College Core Curriculum requirement,major
politics-ba,Politics,BA,36,128,bulletin_knowledge,CORE-PHYSICAL-SCI,Physical Science,4,gen_ed,,0,,,both,College Core Curriculum requirement,major
politics-ba,Politics,BA,36,128,bulletin_knowledge,CORE-LIFE-SCI,Life Science,4,gen_ed,,0,,,both,College Core Curriculum requirement,major
politics-ba,Politics,BA,36,128,bulletin_knowledge,POL-UA 101,Introduction to Politics,4,core_required,,0,,,both,,major
politics-ba,Politics,BA,36,128,bulletin_knowledge,POL-UA 200,Political Theory I,4,core_required,,0,POL-UA 101,,both,,major
politics-ba,Politics,BA,36,128,bulletin_knowledge,POL-UA 300,Comparative Politics,4,core_required,,0,POL-UA 101,,both,,major
politics-ba,Politics,BA,36,128,bulletin_knowledge,POL-UA 400,International Relations,4,core_required,,0,POL-UA 101,,both,,major
politics-ba,Politics,BA,36,128,bulletin_knowledge,POL-UA 700,American Politics,4,core_required,,0,POL-UA 101,,both,,major
politics-ba,Politics,BA,36,128,bulletin_knowledge,POL-UA 800,Research Methods in Political Science,4,core_required,,0,POL-UA 101,,both,,major
politics-ba,Politics,BA,36,128,bulletin_knowledge,POL-UA-ELECTIVE-1,Politics Elective 1,4,major_elective,pol_electives,3,POL-UA 101,,varies,Advanced POL-UA courses,major
politics-ba,Politics,BA,36,128,bulletin_knowledge,POL-UA-ELECTIVE-2,Politics Elective 2,4,major_elective,pol_electives,3,POL-UA 101,,varies,Advanced POL-UA courses,major
politics-ba,Politics,BA,36,128,bulletin_knowledge,POL-UA-ELECTIVE-3,Politics Elective 3,4,major_elective,pol_electives,3,POL-UA 101,,varies,Advanced POL-UA courses,major
politics-ba,Politics,BA,36,128,bulletin_knowledge,FREE-ELECTIVE-1,Free Elective 1,4,major_elective,,0,,,both,,major
politics-ba,Politics,BA,36,128,bulletin_knowledge,FREE-ELECTIVE-2,Free Elective 2,4,major_elective,,0,,,both,,major
politics-ba,Politics,BA,36,128,bulletin_knowledge,FREE-ELECTIVE-3,Free Elective 3,4,major_elective,,0,,,both,,major
politics-ba,Politics,BA,36,128,bulletin_knowledge,FREE-ELECTIVE-4,Free Elective 4,4,major_elective,,0,,,both,,major
politics-ba,Politics,BA,36,128,bulletin_knowledge,FREE-ELECTIVE-5,Free Elective 5,4,major_elective,,0,,,both,,major
politics-ba,Politics,BA,36,128,bulletin_knowledge,FREE-ELECTIVE-6,Free Elective 6,4,major_elective,,0,,,both,,major
politics-ba,Politics,BA,36,128,bulletin_knowledge,FREE-ELECTIVE-7,Free Elective 7,4,major_elective,,0,,,both,,major
politics-ba,Politics,BA,36,128,bulletin_knowledge,FREE-ELECTIVE-8,Free Elective 8,4,major_elective,,0,,,both,,major
politics-ba,Politics,BA,36,128,bulletin_knowledge,FREE-ELECTIVE-9,Free Elective 9,4,major_elective,,0,,,both,,major
politics-ba,Politics,BA,36,128,bulletin_knowledge,FREE-ELECTIVE-10,Free Elective 10,4,major_elective,,0,,,both,,major
politics-ba,Politics,BA,36,128,bulletin_knowledge,FREE-ELECTIVE-11,Free Elective 11,4,major_elective,,0,,,both,,major
philosophy-ba,Philosophy,BA,36,128,bulletin_knowledge,FIRST-YEAR-SEMINAR,First-Year Seminar,4,gen_ed,,0,,,fall,College Core Curriculum requirement,major
philosophy-ba,Philosophy,BA,36,128,bulletin_knowledge,EXPOS-UA 1,Writing as Inquiry,4,gen_ed,,0,,,both,College Core Curriculum requirement,major
philosophy-ba,Philosophy,BA,36,128,bulletin_knowledge,LANG-LEVEL-1,Foreign Language I,4,gen_ed,,0,,,both,College Core Curriculum requirement,major
philosophy-ba,Philosophy,BA,36,128,bulletin_knowledge,LANG-LEVEL-2,Foreign Language II,4,gen_ed,,0,,,both,College Core Curriculum requirement,major
philosophy-ba,Philosophy,BA,36,128,bulletin_knowledge,LANG-LEVEL-3,Foreign Language III,4,gen_ed,,0,,,both,College Core Curriculum requirement,major
philosophy-ba,Philosophy,BA,36,128,bulletin_knowledge,LANG-LEVEL-4,Foreign Language IV (Intermediate),4,gen_ed,,0,,,both,College Core Curriculum requirement,major
philosophy-ba,Philosophy,BA,36,128,bulletin_knowledge,CORE-TEXTS,Texts and Ideas,4,gen_ed,,0,,,both,College Core Curriculum requirement,major
philosophy-ba,Philosophy,BA,36,128,bulletin_knowledge,CORE-CULTURES,Cultures and Contexts,4,gen_ed,,0,,,both,College Core Curriculum requirement,major
philosophy-ba,Philosophy,BA,36,128,bulletin_knowledge,CORE-EXPRESSIVE,Expressive Culture,4,gen_ed,,0,,,both,College Core Curriculum requirement,major
philosophy-ba,Philosophy,BA,36,128,bulletin_knowledge,CORE-PHYSICAL-SCI,Physical Science,4,gen_ed,,0,,,both,College Core Curriculum requirement,major
philosophy-ba,Philosophy,BA,36,128,bulletin_knowledge,CORE-LIFE-SCI,Life Science,4,gen_ed,,0,,,both,College Core Curriculum requirement,major
philosophy-ba,Philosophy,BA,36,128,bulletin_knowledge,PHIL-UA 1,Introduction to Philosophy,4,core_required,,0,,,both,,major
philosophy-ba,Philosophy,BA,36,128,bulletin_knowledge,PHIL-UA 70,History of Ancient Philosophy,4,core_required,,0,,,both,,major
philosophy-ba,Philosophy,BA,36,128,bulletin_knowledge,PHIL-UA 80,History of Modern Philosophy,4,core_required,,0,,,both,,major
philosophy-ba,Philosophy,BA,36,128,bulletin_knowledge,PHIL-UA 101,Logic,4,core_required,,0,,,both,,major
philosophy-ba,Philosophy,BA,36,128,bulletin_knowledge,PHIL-UA-ELECTIVE-1,Philosophy Elective 1,4,major_elective,phil_electives,5,,,varies,Upper-level PHIL-UA; distribution across sub-fields required,major
philosophy-ba,Philosophy,BA,36,128,bulletin_knowledge,PHIL-UA-ELECTIVE-2,Philosophy Elective 2,4,major_elective,phil_electives,5,,,varies,Upper-level PHIL-UA; distribution across sub-fields required,major
philosophy-ba,Philosophy,BA,36,128,bulletin_knowledge,PHIL-UA-ELECTIVE-3,Philosophy Elective 3,4,major_elective,phil_electives,5,,,varies,Upper-level PHIL-UA; distribution across sub-fields required,major
philosophy-ba,Philosophy,BA,36,128,bulletin_knowledge,PHIL-UA-ELECTIVE-4,Philosophy Elective 4,4,major_elective,phil_electives,5,,,varies,Upper-level PHIL-UA; distribution across sub-fields required,major
philosophy-ba,Philosophy,BA,36,128,bulletin_knowledge,PHIL-UA-ELECTIVE-5,Philosophy Elective 5,4,major_elective,phil_electives,5,,,varies,Upper-level PHIL-UA; distribution across sub-fields required,major
philosophy-ba,Philosophy,BA,36,128,bulletin_knowledge,FREE-ELECTIVE-1,Free Elective 1,4,major_elective,,0,,,both,,major
philosophy-ba,Philosophy,BA,36,128,bulletin_knowledge,FREE-ELECTIVE-2,Free Elective 2,4,major_elective,,0,,,both,,major
philosophy-ba,Philosophy,BA,36,128,bulletin_knowledge,FREE-ELECTIVE-3,Free Elective 3,4,major_elective,,0,,,both,,major
philosophy-ba,Philosophy,BA,36,128,bulletin_knowledge,FREE-ELECTIVE-4,Free Elective 4,4,major_elective,,0,,,both,,major
philosophy-ba,Philosophy,BA,36,128,bulletin_knowledge,FREE-ELECTIVE-5,Free Elective 5,4,major_elective,,0,,,both,,major
philosophy-ba,Philosophy,BA,36,128,bulletin_knowledge,FREE-ELECTIVE-6,Free Elective 6,4,major_elective,,0,,,both,,major
philosophy-ba,Philosophy,BA,36,128,bulletin_knowledge,FREE-ELECTIVE-7,Free Elective 7,4,major_elective,,0,,,both,,major
philosophy-ba,Philosophy,BA,36,128,bulletin_knowledge,FREE-ELECTIVE-8,Free Elective 8,4,major_elective,,0,,,both,,major
philosophy-ba,Philosophy,BA,36,128,bulletin_knowledge,FREE-ELECTIVE-9,Free Elective 9,4,major_elective,,0,,,both,,major
philosophy-ba,Philosophy,BA,36,128,bulletin_knowledge,FREE-ELECTIVE-10,Free Elective 10,4,major_elective,,0,,,both,,major
philosophy-ba,Philosophy,BA,36,128,bulletin_knowledge,FREE-ELECTIVE-11,Free Elective 11,4,major_elective,,0,,,both,,major
english-american-literature-ba,English and American Literature,BA,36,128,bulletin_knowledge,FIRST-YEAR-SEMINAR,First-Year Seminar,4,gen_ed,,0,,,fall,College Core Curriculum requirement,major
english-american-literature-ba,English and American Literature,BA,36,128,bulletin_knowledge,EXPOS-UA 1,Writing as Inquiry,4,gen_ed,,0,,,both,College Core Curriculum requirement,major
english-american-literature-ba,English and American Literature,BA,36,128,bulletin_knowledge,LANG-LEVEL-1,Foreign Language I,4,gen_ed,,0,,,both,College Core Curriculum requirement,major
english-american-literature-ba,English and American Literature,BA,36,128,bulletin_knowledge,LANG-LEVEL-2,Foreign Language II,4,gen_ed,,0,,,both,College Core Curriculum requirement,major
english-american-literature-ba,English and American Literature,BA,36,128,bulletin_knowledge,LANG-LEVEL-3,Foreign Language III,4,gen_ed,,0,,,both,College Core Curriculum requirement,major
english-american-literature-ba,English and American Literature,BA,36,128,bulletin_knowledge,LANG-LEVEL-4,Foreign Language IV (Intermediate),4,gen_ed,,0,,,both,College Core Curriculum requirement,major
english-american-literature-ba,English and American Literature,BA,36,128,bulletin_knowledge,CORE-TEXTS,Texts and Ideas,4,gen_ed,,0,,,both,College Core Curriculum requirement,major
english-american-literature-ba,English and American Literature,BA,36,128,bulletin_knowledge,CORE-CULTURES,Cultures and Contexts,4,gen_ed,,0,,,both,College Core Curriculum requirement,major
english-american-literature-ba,English and American Literature,BA,36,128,bulletin_knowledge,CORE-EXPRESSIVE,Expressive Culture,4,gen_ed,,0,,,both,College Core Curriculum requirement,major
english-american-literature-ba,English and American Literature,BA,36,128,bulletin_knowledge,CORE-PHYSICAL-SCI,Physical Science,4,gen_ed,,0,,,both,College Core Curriculum requirement,major
english-american-literature-ba,English and American Literature,BA,36,128,bulletin_knowledge,CORE-LIFE-SCI,Life Science,4,gen_ed,,0,,,both,College Core Curriculum requirement,major
english-american-literature-ba,English and American Literature,BA,36,128,bulletin_knowledge,ENGL-UA 1,Introduction to Literary Study,4,core_required,,0,,,both,,major
english-american-literature-ba,English and American Literature,BA,36,128,bulletin_knowledge,ENGL-UA 300,Critical Methods,4,core_required,,0,ENGL-UA 1,,both,,major
english-american-literature-ba,English and American Literature,BA,36,128,bulletin_knowledge,ENGL-UA-SEMINAR,Senior Seminar in English,4,core_required,,0,ENGL-UA 300,,varies,Senior capstone seminar,major
english-american-literature-ba,English and American Literature,BA,36,128,bulletin_knowledge,ENGL-UA-ELECTIVE-1,English Elective 1,4,major_elective,engl_electives,6,ENGL-UA 1,,varies,Distribution across periods & genres required,major
english-american-literature-ba,English and American Literature,BA,36,128,bulletin_knowledge,ENGL-UA-ELECTIVE-2,English Elective 2,4,major_elective,engl_electives,6,ENGL-UA 1,,varies,Distribution across periods & genres required,major
english-american-literature-ba,English and American Literature,BA,36,128,bulletin_knowledge,ENGL-UA-ELECTIVE-3,English Elective 3,4,major_elective,engl_electives,6,ENGL-UA 1,,varies,Distribution across periods & genres required,major
english-american-literature-ba,English and American Literature,BA,36,128,bulletin_knowledge,ENGL-UA-ELECTIVE-4,English Elective 4,4,major_elective,engl_electives,6,ENGL-UA 1,,varies,Distribution across periods & genres required,major
english-american-literature-ba,English and American Literature,BA,36,128,bulletin_knowledge,ENGL-UA-ELECTIVE-5,English Elective 5,4,major_elective,engl_electives,6,ENGL-UA 1,,varies,Distribution across periods & genres required,major
english-american-literature-ba,English and American Literature,BA,36,128,bulletin_knowledge,ENGL-UA-ELECTIVE-6,English Elective 6,4,major_elective,engl_electives,6,ENGL-UA 1,,varies,Distribution across periods & genres required,major
english-american-literature-ba,English and American Literature,BA,36,128,bulletin_knowledge,FREE-ELECTIVE-1,Free Elective 1,4,major_elective,,0,,,both,,major
english-american-literature-ba,English and American Literature,BA,36,128,bulletin_knowledge,FREE-ELECTIVE-2,Free Elective 2,4,major_elective,,0,,,both,,major
english-american-literature-ba,English and American Literature,BA,36,128,bulletin_knowledge,FREE-ELECTIVE-3,Free Elective 3,4,major_elective,,0,,,both,,major
english-american-literature-ba,English and American Literature,BA,36,128,bulletin_knowledge,FREE-ELECTIVE-4,Free Elective 4,4,major_elective,,0,,,both,,major
english-american-literature-ba,English and American Literature,BA,36,128,bulletin_knowledge,FREE-ELECTIVE-5,Free Elective 5,4,major_elective,,0,,,both,,major
english-american-literature-ba,English and American Literature,BA,36,128,bulletin_knowledge,FREE-ELECTIVE-6,Free Elective 6,4,major_elective,,0,,,both,,major
english-american-literature-ba,English and American Literature,BA,36,128,bulletin_knowledge,FREE-ELECTIVE-7,Free Elective 7,4,major_elective,,0,,,both,,major
english-american-literature-ba,English and American Literature,BA,36,128,bulletin_knowledge,FREE-ELECTIVE-8,Free Elective 8,4,major_elective,,0,,,both,,major
english-american-literature-ba,English and American Literature,BA,36,128,bulletin_knowledge,FREE-ELECTIVE-9,Free Elective 9,4,major_elective,,0,,,both,,major
english-american-literature-ba,English and American Literature,BA,36,128,bulletin_knowledge,FREE-ELECTIVE-10,Free Elective 10,4,major_elective,,0,,,both,,major
english-american-literature-ba,English and American Literature,BA,36,128,bulletin_knowledge,FREE-ELECTIVE-11,Free Elective 11,4,major_elective,,0,,,both,,major
anthropology-ba,Anthropology,BA,36,128,bulletin_knowledge,FIRST-YEAR-SEMINAR,First-Year Seminar,4,gen_ed,,0,,,fall,College Core Curriculum requirement,major
anthropology-ba,Anthropology,BA,36,128,bulletin_knowledge,EXPOS-UA 1,Writing as Inquiry,4,gen_ed,,0,,,both,College Core Curriculum requirement,major
anthropology-ba,Anthropology,BA,36,128,bulletin_knowledge,LANG-LEVEL-1,Foreign Language I,4,gen_ed,,0,,,both,College Core Curriculum requirement,major
anthropology-ba,Anthropology,BA,36,128,bulletin_knowledge,LANG-LEVEL-2,Foreign Language II,4,gen_ed,,0,,,both,College Core Curriculum requirement,major
anthropology-ba,Anthropology,BA,36,128,bulletin_knowledge,LANG-LEVEL-3,Foreign Language III,4,gen_ed,,0,,,both,College Core Curriculum requirement,major
anthropology-ba,Anthropology,BA,36,128,bulletin_knowledge,LANG-LEVEL-4,Foreign Language IV (Intermediate),4,gen_ed,,0,,,both,College Core Curriculum requirement,major
anthropology-ba,Anthropology,BA,36,128,bulletin_knowledge,CORE-TEXTS,Texts and Ideas,4,gen_ed,,0,,,both,College Core Curriculum requirement,major
anthropology-ba,Anthropology,BA,36,128,bulletin_knowledge,CORE-CULTURES,Cultures and Contexts,4,gen_ed,,0,,,both,College Core Curriculum requirement,major
anthropology-ba,Anthropology,BA,36,128,bulletin_knowledge,CORE-EXPRESSIVE,Expressive Culture,4,gen_ed,,0,,,both,College Core Curriculum requirement,major
anthropology-ba,Anthropology,BA,36,128,bulletin_knowledge,CORE-PHYSICAL-SCI,Physical Science,4,gen_ed,,0,,,both,College Core Curriculum requirement,major
anthropology-ba,Anthropology,BA,36,128,bulletin_knowledge,CORE-LIFE-SCI,Life Science,4,gen_ed,,0,,,both,College Core Curriculum requirement,major
anthropology-ba,Anthropology,BA,36,128,bulletin_knowledge,ANTH-UA 1,Introduction to Cultural Anthropology,4,core_required,,0,,,both,,major
anthropology-ba,Anthropology,BA,36,128,bulletin_knowledge,ANTH-UA 2,Introduction to Biological Anthropology,4,core_required,,0,,,both,,major
anthropology-ba,Anthropology,BA,36,128,bulletin_knowledge,ANTH-UA 101,Ethnographic Methods,4,core_required,,0,ANTH-UA 1,,both,,major
anthropology-ba,Anthropology,BA,36,128,bulletin_knowledge,ANTH-UA 400,Senior Seminar in Anthropology,4,core_required,,0,ANTH-UA 101,,varies,,major
anthropology-ba,Anthropology,BA,36,128,bulletin_knowledge,ANTH-UA-ELECTIVE-1,Anthropology Elective 1,4,major_elective,anth_electives,5,ANTH-UA 1,,varies,,major
anthropology-ba,Anthropology,BA,36,128,bulletin_knowledge,ANTH-UA-ELECTIVE-2,Anthropology Elective 2,4,major_elective,anth_electives,5,ANTH-UA 1,,varies,,major
anthropology-ba,Anthropology,BA,36,128,bulletin_knowledge,ANTH-UA-ELECTIVE-3,Anthropology Elective 3,4,major_elective,anth_electives,5,ANTH-UA 1,,varies,,major
anthropology-ba,Anthropology,BA,36,128,bulletin_knowledge,ANTH-UA-ELECTIVE-4,Anthropology Elective 4,4,major_elective,anth_electives,5,ANTH-UA 1,,varies,,major
anthropology-ba,Anthropology,BA,36,128,bulletin_knowledge,ANTH-UA-ELECTIVE-5,Anthropology Elective 5,4,major_elective,anth_electives,5,ANTH-UA 1,,varies,,major
anthropology-ba,Anthropology,BA,36,128,bulletin_knowledge,FREE-ELECTIVE-1,Free Elective 1,4,major_elective,,0,,,both,,major
anthropology-ba,Anthropology,BA,36,128,bulletin_knowledge,FREE-ELECTIVE-2,Free Elective 2,4,major_elective,,0,,,both,,major
anthropology-ba,Anthropology,BA,36,128,bulletin_knowledge,FREE-ELECTIVE-3,Free Elective 3,4,major_elective,,0,,,both,,major
anthropology-ba,Anthropology,BA,36,128,bulletin_knowledge,FREE-ELECTIVE-4,Free Elective 4,4,major_elective,,0,,,both,,major
anthropology-ba,Anthropology,BA,36,128,bulletin_knowledge,FREE-ELECTIVE-5,Free Elective 5,4,major_elective,,0,,,both,,major
anthropology-ba,Anthropology,BA,36,128,bulletin_knowledge,FREE-ELECTIVE-6,Free Elective 6,4,major_elective,,0,,,both,,major
anthropology-ba,Anthropology,BA,36,128,bulletin_knowledge,FREE-ELECTIVE-7,Free Elective 7,4,major_elective,,0,,,both,,major
anthropology-ba,Anthropology,BA,36,128,bulletin_knowledge,FREE-ELECTIVE-8,Free Elective 8,4,major_elective,,0,,,both,,major
anthropology-ba,Anthropology,BA,36,128,bulletin_knowledge,FREE-ELECTIVE-9,Free Elective 9,4,major_elective,,0,,,both,,major
anthropology-ba,Anthropology,BA,36,128,bulletin_knowledge,FREE-ELECTIVE-10,Free Elective 10,4,major_elective,,0,,,both,,major
anthropology-ba,Anthropology,BA,36,128,bulletin_knowledge,FREE-ELECTIVE-11,Free Elective 11,4,major_elective,,0,,,both,,major
art-history-ba,Art History,BA,36,128,bulletin_knowledge,FIRST-YEAR-SEMINAR,First-Year Seminar,4,gen_ed,,0,,,fall,College Core Curriculum requirement,major
art-history-ba,Art History,BA,36,128,bulletin_knowledge,EXPOS-UA 1,Writing as Inquiry,4,gen_ed,,0,,,both,College Core Curriculum requirement,major
art-history-ba,Art History,BA,36,128,bulletin_knowledge,LANG-LEVEL-1,Foreign Language I,4,gen_ed,,0,,,both,College Core Curriculum requirement,major
art-history-ba,Art History,BA,36,128,bulletin_knowledge,LANG-LEVEL-2,Foreign Language II,4,gen_ed,,0,,,both,College Core Curriculum requirement,major
art-history-ba,Art History,BA,36,128,bulletin_knowledge,LANG-LEVEL-3,Foreign Language III,4,gen_ed,,0,,,both,College Core Curriculum requirement,major
art-history-ba,Art History,BA,36,128,bulletin_knowledge,LANG-LEVEL-4,Foreign Language IV (Intermediate),4,gen_ed,,0,,,both,College Core Curriculum requirement,major
art-history-ba,Art History,BA,36,128,bulletin_knowledge,CORE-TEXTS,Texts and Ideas,4,gen_ed,,0,,,both,College Core Curriculum requirement,major
art-history-ba,Art History,BA,36,128,bulletin_knowledge,CORE-CULTURES,Cultures and Contexts,4,gen_ed,,0,,,both,College Core Curriculum requirement,major
art-history-ba,Art History,BA,36,128,bulletin_knowledge,CORE-EXPRESSIVE,Expressive Culture,4,gen_ed,,0,,,both,College Core Curriculum requirement,major
art-history-ba,Art History,BA,36,128,bulletin_knowledge,CORE-PHYSICAL-SCI,Physical Science,4,gen_ed,,0,,,both,College Core Curriculum requirement,major
art-history-ba,Art History,BA,36,128,bulletin_knowledge,CORE-LIFE-SCI,Life Science,4,gen_ed,,0,,,both,College Core Curriculum requirement,major
art-history-ba,Art History,BA,36,128,bulletin_knowledge,ARTH-UA 1,Introduction to Art History I,4,core_required,,0,,,both,,major
art-history-ba,Art History,BA,36,128,bulletin_knowledge,ARTH-UA 2,Introduction to Art History II,4,core_required,,0,,,both,,major
art-history-ba,Art History,BA,36,128,bulletin_knowledge,ARTH-UA 100,Methods in Art History,4,core_required,,0,ARTH-UA 1|ARTH-UA 2,,both,,major
art-history-ba,Art History,BA,36,128,bulletin_knowledge,ARTH-UA 900,Senior Seminar in Art History,4,core_required,,0,ARTH-UA 100,,varies,,major
art-history-ba,Art History,BA,36,128,bulletin_knowledge,ARTH-UA-ELECTIVE-1,Art History Elective 1,4,major_elective,arth_electives,5,ARTH-UA 1,,varies,Distribution across chronological periods required,major
art-history-ba,Art History,BA,36,128,bulletin_knowledge,ARTH-UA-ELECTIVE-2,Art History Elective 2,4,major_elective,arth_electives,5,ARTH-UA 1,,varies,Distribution across chronological periods required,major
art-history-ba,Art History,BA,36,128,bulletin_knowledge,ARTH-UA-ELECTIVE-3,Art History Elective 3,4,major_elective,arth_electives,5,ARTH-UA 1,,varies,Distribution across chronological periods required,major
art-history-ba,Art History,BA,36,128,bulletin_knowledge,ARTH-UA-ELECTIVE-4,Art History Elective 4,4,major_elective,arth_electives,5,ARTH-UA 1,,varies,Distribution across chronological periods required,major
art-history-ba,Art History,BA,36,128,bulletin_knowledge,ARTH-UA-ELECTIVE-5,Art History Elective 5,4,major_elective,arth_electives,5,ARTH-UA 1,,varies,Distribution across chronological periods required,major
art-history-ba,Art History,BA,36,128,bulletin_knowledge,FREE-ELECTIVE-1,Free Elective 1,4,major_elective,,0,,,both,,major
art-history-ba,Art History,BA,36,128,bulletin_knowledge,FREE-ELECTIVE-2,Free Elective 2,4,major_elective,,0,,,both,,major
art-history-ba,Art History,BA,36,128,bulletin_knowledge,FREE-ELECTIVE-3,Free Elective 3,4,major_elective,,0,,,both,,major
art-history-ba,Art History,BA,36,128,bulletin_knowledge,FREE-ELECTIVE-4,Free Elective 4,4,major_elective,,0,,,both,,major
art-history-ba,Art History,BA,36,128,bulletin_knowledge,FREE-ELECTIVE-5,Free Elective 5,4,major_elective,,0,,,both,,major
art-history-ba,Art History,BA,36,128,bulletin_knowledge,FREE-ELECTIVE-6,Free Elective 6,4,major_elective,,0,,,both,,major
art-history-ba,Art History,BA,36,128,bulletin_knowledge,FREE-ELECTIVE-7,Free Elective 7,4,major_elective,,0,,,both,,major
art-history-ba,Art History,BA,36,128,bulletin_knowledge,FREE-ELECTIVE-8,Free Elective 8,4,major_elective,,0,,,both,,major
art-history-ba,Art History,BA,36,128,bulletin_knowledge,FREE-ELECTIVE-9,Free Elective 9,4,major_elective,,0,,,both,,major
art-history-ba,Art History,BA,36,128,bulletin_knowledge,FREE-ELECTIVE-10,Free Elective 10,4,major_elective,,0,,,both,,major
art-history-ba,Art History,BA,36,128,bulletin_knowledge,FREE-ELECTIVE-11,Free Elective 11,4,major_elective,,0,,,both,,major
linguistics-ba,Linguistics,BA,36,128,bulletin_knowledge,FIRST-YEAR-SEMINAR,First-Year Seminar,4,gen_ed,,0,,,fall,College Core Curriculum requirement,major
linguistics-ba,Linguistics,BA,36,128,bulletin_knowledge,EXPOS-UA 1,Writing as Inquiry,4,gen_ed,,0,,,both,College Core Curriculum requirement,major
linguistics-ba,Linguistics,BA,36,128,bulletin_knowledge,LANG-LEVEL-1,Foreign Language I,4,gen_ed,,0,,,both,College Core Curriculum requirement,major
linguistics-ba,Linguistics,BA,36,128,bulletin_knowledge,LANG-LEVEL-2,Foreign Language II,4,gen_ed,,0,,,both,College Core Curriculum requirement,major
linguistics-ba,Linguistics,BA,36,128,bulletin_knowledge,LANG-LEVEL-3,Foreign Language III,4,gen_ed,,0,,,both,College Core Curriculum requirement,major
linguistics-ba,Linguistics,BA,36,128,bulletin_knowledge,LANG-LEVEL-4,Foreign Language IV (Intermediate),4,gen_ed,,0,,,both,College Core Curriculum requirement,major
linguistics-ba,Linguistics,BA,36,128,bulletin_knowledge,CORE-TEXTS,Texts and Ideas,4,gen_ed,,0,,,both,College Core Curriculum requirement,major
linguistics-ba,Linguistics,BA,36,128,bulletin_knowledge,CORE-CULTURES,Cultures and Contexts,4,gen_ed,,0,,,both,College Core Curriculum requirement,major
linguistics-ba,Linguistics,BA,36,128,bulletin_knowledge,CORE-EXPRESSIVE,Expressive Culture,4,gen_ed,,0,,,both,College Core Curriculum requirement,major
linguistics-ba,Linguistics,BA,36,128,bulletin_knowledge,CORE-PHYSICAL-SCI,Physical Science,4,gen_ed,,0,,,both,College Core Curriculum requirement,major
linguistics-ba,Linguistics,BA,36,128,bulletin_knowledge,CORE-LIFE-SCI,Life Science,4,gen_ed,,0,,,both,College Core Curriculum requirement,major
linguistics-ba,Linguistics,BA,36,128,bulletin_knowledge,LING-UA 1,Language and Mind,4,core_required,,0,,,both,,major
linguistics-ba,Linguistics,BA,36,128,bulletin_knowledge,LING-UA 11,Sound and Language (Phonetics & Phonology),4,core_required,,0,LING-UA 1,,both,,major
linguistics-ba,Linguistics,BA,36,128,bulletin_knowledge,LING-UA 13,Words and Sentences (Morphology & Syntax),4,core_required,,0,LING-UA 1,,both,,major
linguistics-ba,Linguistics,BA,36,128,bulletin_knowledge,LING-UA 15,Meaning and Language (Semantics & Pragmatics),4,core_required,,0,LING-UA 1,,both,,major
linguistics-ba,Linguistics,BA,36,128,bulletin_knowledge,LING-UA 90,Senior Research Seminar in Linguistics,4,core_required,,0,LING-UA 11|LING-UA 13,,varies,,major
linguistics-ba,Linguistics,BA,36,128,bulletin_knowledge,LING-UA-ELECTIVE-1,Linguistics Elective 1,4,major_elective,ling_electives,4,LING-UA 1,,varies,,major
linguistics-ba,Linguistics,BA,36,128,bulletin_knowledge,LING-UA-ELECTIVE-2,Linguistics Elective 2,4,major_elective,ling_electives,4,LING-UA 1,,varies,,major
linguistics-ba,Linguistics,BA,36,128,bulletin_knowledge,LING-UA-ELECTIVE-3,Linguistics Elective 3,4,major_elective,ling_electives,4,LING-UA 1,,varies,,major
linguistics-ba,Linguistics,BA,36,128,bulletin_knowledge,LING-UA-ELECTIVE-4,Linguistics Elective 4,4,major_elective,ling_electives,4,LING-UA 1,,varies,,major
linguistics-ba,Linguistics,BA,36,128,bulletin_knowledge,FREE-ELECTIVE-1,Free Elective 1,4,major_elective,,0,,,both,,major
linguistics-ba,Linguistics,BA,36,128,bulletin_knowledge,FREE-ELECTIVE-2,Free Elective 2,4,major_elective,,0,,,both,,major
linguistics-ba,Linguistics,BA,36,128,bulletin_knowledge,FREE-ELECTIVE-3,Free Elective 3,4,major_elective,,0,,,both,,major
linguistics-ba,Linguistics,BA,36,128,bulletin_knowledge,FREE-ELECTIVE-4,Free Elective 4,4,major_elective,,0,,,both,,major
linguistics-ba,Linguistics,BA,36,128,bulletin_knowledge,FREE-ELECTIVE-5,Free Elective 5,4,major_elective,,0,,,both,,major
linguistics-ba,Linguistics,BA,36,128,bulletin_knowledge,FREE-ELECTIVE-6,Free Elective 6,4,major_elective,,0,,,both,,major
linguistics-ba,Linguistics,BA,36,128,bulletin_knowledge,FREE-ELECTIVE-7,Free Elective 7,4,major_elective,,0,,,both,,major
linguistics-ba,Linguistics,BA,36,128,bulletin_knowledge,FREE-ELECTIVE-8,Free Elective 8,4,major_elective,,0,,,both,,major
linguistics-ba,Linguistics,BA,36,128,bulletin_knowledge,FREE-ELECTIVE-9,Free Elective 9,4,major_elective,,0,,,both,,major
linguistics-ba,Linguistics,BA,36,128,bulletin_knowledge,FREE-ELECTIVE-10,Free Elective 10,4,major_elective,,0,,,both,,major
linguistics-ba,Linguistics,BA,36,128,bulletin_knowledge,FREE-ELECTIVE-11,Free Elective 11,4,major_elective,,0,,,both,,major
international-relations-ba,International Relations,BA,40,128,bulletin_knowledge,FIRST-YEAR-SEMINAR,First-Year Seminar,4,gen_ed,,0,,,fall,College Core Curriculum requirement,major
international-relations-ba,International Relations,BA,40,128,bulletin_knowledge,EXPOS-UA 1,Writing as Inquiry,4,gen_ed,,0,,,both,College Core Curriculum requirement,major
international-relations-ba,International Relations,BA,40,128,bulletin_knowledge,LANG-LEVEL-1,Foreign Language I,4,gen_ed,,0,,,both,College Core Curriculum requirement,major
international-relations-ba,International Relations,BA,40,128,bulletin_knowledge,LANG-LEVEL-2,Foreign Language II,4,gen_ed,,0,,,both,College Core Curriculum requirement,major
international-relations-ba,International Relations,BA,40,128,bulletin_knowledge,LANG-LEVEL-3,Foreign Language III,4,gen_ed,,0,,,both,College Core Curriculum requirement,major
international-relations-ba,International Relations,BA,40,128,bulletin_knowledge,LANG-LEVEL-4,Foreign Language IV (Intermediate),4,gen_ed,,0,,,both,College Core Curriculum requirement,major
international-relations-ba,International Relations,BA,40,128,bulletin_knowledge,CORE-TEXTS,Texts and Ideas,4,gen_ed,,0,,,both,College Core Curriculum requirement,major
international-relations-ba,International Relations,BA,40,128,bulletin_knowledge,CORE-CULTURES,Cultures and Contexts,4,gen_ed,,0,,,both,College Core Curriculum requirement,major
international-relations-ba,International Relations,BA,40,128,bulletin_knowledge,CORE-EXPRESSIVE,Expressive Culture,4,gen_ed,,0,,,both,College Core Curriculum requirement,major
international-relations-ba,International Relations,BA,40,128,bulletin_knowledge,CORE-PHYSICAL-SCI,Physical Science,4,gen_ed,,0,,,both,College Core Curriculum requirement,major
international-relations-ba,International Relations,BA,40,128,bulletin_knowledge,CORE-LIFE-SCI,Life Science,4,gen_ed,,0,,,both,College Core Curriculum requirement,major
international-relations-ba,International Relations,BA,40,128,bulletin_knowledge,POL-UA 400,Introduction to International Relations,4,core_required,,0,,,both,,major
international-relations-ba,International Relations,BA,40,128,bulletin_knowledge,ECON-UA 1,Introduction to Macroeconomics,4,core_required,,0,,,both,,major
international-relations-ba,International Relations,BA,40,128,bulletin_knowledge,ECON-UA 2,Introduction to Microeconomics,4,core_required,,0,,,both,,major
international-relations-ba,International Relations,BA,40,128,bulletin_knowledge,HIST-UA 100,World History (or approved regional history),4,core_required,,0,,,both,,major
international-relations-ba,International Relations,BA,40,128,bulletin_knowledge,POL-UA 800,Research Methods,4,core_required,,0,POL-UA 400,,both,,major
international-relations-ba,International Relations,BA,40,128,bulletin_knowledge,POL-UA-IR-CAPSTONE,Senior Thesis / Capstone,4,core_required,,0,,,varies,,major
international-relations-ba,International Relations,BA,40,128,bulletin_knowledge,IR-ELECTIVE-1,IR Elective 1 (POL-UA/ECON-UA/HIST-UA),4,major_elective,ir_electives,4,,,varies,"Approved list includes POL, ECON, HIST and regional studies courses",major
international-relations-ba,International Relations,BA,40,128,bulletin_knowledge,IR-ELECTIVE-2,IR Elective 2 (POL-UA/ECON-UA/HIST-UA),4,major_elective,ir_electives,4,,,varies,"Approved list includes POL, ECON, HIST and regional studies courses",major
international-relations-ba,International Relations,BA,40,128,bulletin_knowledge,IR-ELECTIVE-3,IR Elective 3 (POL-UA/ECON-UA/HIST-UA),4,major_elective,ir_electives,4,,,varies,"Approved list includes POL, ECON, HIST and regional studies courses",major
international-relations-ba,International Relations,BA,40,128,bulletin_knowledge,IR-ELECTIVE-4,IR Elective 4 (POL-UA/ECON-UA/HIST-UA),4,major_elective,ir_electives,4,,,varies,"Approved list includes POL, ECON, HIST and regional studies courses",major
international-relations-ba,International Relations,BA,40,128,bulletin_knowledge,FREE-ELECTIVE-1,Free Elective 1,4,major_elective,,0,,,both,,major
international-relations-ba,International Relations,BA,40,128,bulletin_knowledge,FREE-ELECTIVE-2,Free Elective 2,4,major_elective,,0,,,both,,major
international-relations-ba,International Relations,BA,40,128,bulletin_knowledge,FREE-ELECTIVE-3,Free Elective 3,4,major_elective,,0,,,both,,major
international-relations-ba,International Relations,BA,40,128,bulletin_knowledge,FREE-ELECTIVE-4,Free Elective 4,4,major_elective,,0,,,both,,major
international-relations-ba,International Relations,BA,40,128,bulletin_knowledge,FREE-ELECTIVE-5,Free Elective 5,4,major_elective,,0,,,both,,major
international-relations-ba,International Relations,BA,40,128,bulletin_knowledge,FREE-ELECTIVE-6,Free Elective 6,4,major_elective,,0,,,both,,major
international-relations-ba,International Relations,BA,40,128,bulletin_knowledge,FREE-ELECTIVE-7,Free Elective 7,4,major_elective,,0,,,both,,major
international-relations-ba,International Relations,BA,40,128,bulletin_knowledge,FREE-ELECTIVE-8,Free Elective 8,4,major_elective,,0,,,both,,major
international-relations-ba,International Relations,BA,40,128,bulletin_knowledge,FREE-ELECTIVE-9,Free Elective 9,4,major_elective,,0,,,both,,major
international-relations-ba,International Relations,BA,40,128,bulletin_knowledge,FREE-ELECTIVE-10,Free Elective 10,4,major_elective,,0,,,both,,major
economics-mathematics-ba,Economics and Mathematics,BA,64,128,bulletin_knowledge,FIRST-YEAR-SEMINAR,First-Year Seminar,4,gen_ed,,0,,,fall,College Core Curriculum requirement,major
economics-mathematics-ba,Economics and Mathematics,BA,64,128,bulletin_knowledge,EXPOS-UA 1,Writing as Inquiry,4,gen_ed,,0,,,both,College Core Curriculum requirement,major
economics-mathematics-ba,Economics and Mathematics,BA,64,128,bulletin_knowledge,LANG-LEVEL-1,Foreign Language I,4,gen_ed,,0,,,both,College Core Curriculum requirement,major
economics-mathematics-ba,Economics and Mathematics,BA,64,128,bulletin_knowledge,LANG-LEVEL-2,Foreign Language II,4,gen_ed,,0,,,both,College Core Curriculum requirement,major
economics-mathematics-ba,Economics and Mathematics,BA,64,128,bulletin_knowledge,LANG-LEVEL-3,Foreign Language III,4,gen_ed,,0,,,both,College Core Curriculum requirement,major
economics-mathematics-ba,Economics and Mathematics,BA,64,128,bulletin_knowledge,LANG-LEVEL-4,Foreign Language IV (Intermediate),4,gen_ed,,0,,,both,College Core Curriculum requirement,major
economics-mathematics-ba,Economics and Mathematics,BA,64,128,bulletin_knowledge,CORE-TEXTS,Texts and Ideas,4,gen_ed,,0,,,both,College Core Curriculum requirement,major
economics-mathematics-ba,Economics and Mathematics,BA,64,128,bulletin_knowledge,CORE-CULTURES,Cultures and Contexts,4,gen_ed,,0,,,both,College Core Curriculum requirement,major
economics-mathematics-ba,Economics and Mathematics,BA,64,128,bulletin_knowledge,CORE-EXPRESSIVE,Expressive Culture,4,gen_ed,,0,,,both,College Core Curriculum requirement,major
economics-mathematics-ba,Economics and Mathematics,BA,64,128,bulletin_knowledge,CORE-PHYSICAL-SCI,Physical Science,4,gen_ed,,0,,,both,College Core Curriculum requirement,major
economics-mathematics-ba,Economics and Mathematics,BA,64,128,bulletin_knowledge,CORE-LIFE-SCI,Life Science,4,gen_ed,,0,,,both,College Core Curriculum requirement,major
economics-mathematics-ba,Economics and Mathematics,BA,64,128,bulletin_knowledge,CORE-SOC-SCI,Societies and the Social Sciences,4,gen_ed,,0,,,both,College Core Curriculum requirement,major
economics-mathematics-ba,Economics and Mathematics,BA,64,128,bulletin_knowledge,ECON-UA 1,Introduction to Macroeconomics,4,core_required,,0,,,both,,major
economics-mathematics-ba,Economics and Mathematics,BA,64,128,bulletin_knowledge,ECON-UA 2,Introduction to Microeconomics,4,core_required,,0,,,both,,major
economics-mathematics-ba,Economics and Mathematics,BA,64,128,bulletin_knowledge,ECON-UA 11,Microeconomic Analysis,4,core_required,,0,ECON-UA 2|MATH-UA 131|MATH-UA 132,,both,,major
economics-mathematics-ba,Economics and Mathematics,BA,64,128,bulletin_knowledge,ECON-UA 13,Macroeconomic Analysis,4,core_required,,0,ECON-UA 1|ECON-UA 11,,both,,major
economics-mathematics-ba,Economics and Mathematics,BA,64,128,bulletin_knowledge,ECON-UA 20,Analytical Statistics,4,core_required,,0,ECON-UA 2,,both,,major
economics-mathematics-ba,Economics and Mathematics,BA,64,128,bulletin_knowledge,ECON-UA 266,Introduction to Econometrics,4,core_required,,0,ECON-UA 20,,both,,major
economics-mathematics-ba,Economics and Mathematics,BA,64,128,bulletin_knowledge,MATH-UA 121,Calculus I,4,core_required,,0,,,both,,major
economics-mathematics-ba,Economics and Mathematics,BA,64,128,bulletin_knowledge,MATH-UA 122,Calculus II,4,core_required,,0,MATH-UA 121,,both,,major
economics-mathematics-ba,Economics and Mathematics,BA,64,128,bulletin_knowledge,MATH-UA 123,Calculus III,4,core_required,,0,MATH-UA 122,,both,,major
economics-mathematics-ba,Economics and Mathematics,BA,64,128,bulletin_knowledge,MATH-UA 140,Linear Algebra,4,core_required,,0,MATH-UA 121,,both,,major
economics-mathematics-ba,Economics and Mathematics,BA,64,128,bulletin_knowledge,MATH-UA 325,Analysis,4,core_required,,0,MATH-UA 123|MATH-UA 140,,both,,major
economics-mathematics-ba,Economics and Mathematics,BA,64,128,bulletin_knowledge,MATH-UA 343,Algebra,4,core_required,,0,MATH-UA 325,,both,,major
economics-mathematics-ba,Economics and Mathematics,BA,64,128,bulletin_knowledge,ECON-UA-ELECTIVE-1,Economics Elective 1 (300-level),4,major_elective,econ_math_econ_electives,3,ECON-UA 11,,varies,At least 2 must be ECON-UA 300-level,major
economics-mathematics-ba,Economics and Mathematics,BA,64,128,bulletin_knowledge,ECON-UA-ELECTIVE-2,Economics Elective 2 (300-level),4,major_elective,econ_math_econ_electives,3,ECON-UA 11,,varies,At least 2 must be ECON-UA 300-level,major
economics-mathematics-ba,Economics and Mathematics,BA,64,128,bulletin_knowledge,ECON-UA-ELECTIVE-3,Economics Elective 3 (300-level),4,major_elective,econ_math_econ_electives,3,ECON-UA 11,,varies,At least 2 must be ECON-UA 300-level,major
economics-mathematics-ba,Economics and Mathematics,BA,64,128,bulletin_knowledge,MATH-UA-ELECTIVE-1,Mathematics Elective 1,4,major_elective,econ_math_math_electives,2,MATH-UA 325,,varies,,major
economics-mathematics-ba,Economics and Mathematics,BA,64,128,bulletin_knowledge,MATH-UA-ELECTIVE-2,Mathematics Elective 2,4,major_elective,econ_math_math_electives,2,MATH-UA 325,,varies,,major
economics-mathematics-ba,Economics and Mathematics,BA,64,128,bulletin_knowledge,FREE-ELECTIVE-1,Free Elective 1,4,major_elective,,0,,,both,,major
economics-mathematics-ba,Economics and Mathematics,BA,64,128,bulletin_knowledge,FREE-ELECTIVE-2,Free Elective 2,4,major_elective,,0,,,both,,major
economics-mathematics-ba,Economics and Mathematics,BA,64,128,bulletin_knowledge,FREE-ELECTIVE-3,Free Elective 3,4,major_elective,,0,,,both,,major
economics-mathematics-ba,Economics and Mathematics,BA,64,128,bulletin_knowledge,FREE-ELECTIVE-4,Free Elective 4,4,major_elective,,0,,,both,,major
economics-computer-science-ba,Economics and Computer Science,BA,88,128,bulletin_knowledge,FIRST-YEAR-SEMINAR,First-Year Seminar,4,gen_ed,,0,,,fall,College Core Curriculum requirement,major
economics-computer-science-ba,Economics and Computer Science,BA,88,128,bulletin_knowledge,EXPOS-UA 1,Writing as Inquiry,4,gen_ed,,0,,,both,College Core Curriculum requirement,major
economics-computer-science-ba,Economics and Computer Science,BA,88,128,bulletin_knowledge,LANG-LEVEL-1,Foreign Language I,4,gen_ed,,0,,,both,College Core Curriculum requirement,major
economics-computer-science-ba,Economics and Computer Science,BA,88,128,bulletin_knowledge,LANG-LEVEL-2,Foreign Language II,4,gen_ed,,0,,,both,College Core Curriculum requirement,major
economics-computer-science-ba,Economics and Computer Science,BA,88,128,bulletin_knowledge,LANG-LEVEL-3,Foreign Language III,4,gen_ed,,0,,,both,College Core Curriculum requirement,major
economics-computer-science-ba,Economics and Computer Science,BA,88,128,bulletin_knowledge,LANG-LEVEL-4,Foreign Language IV (Intermediate),4,gen_ed,,0,,,both,College Core Curriculum requirement,major
economics-computer-science-ba,Economics and Computer Science,BA,88,128,bulletin_knowledge,CORE-TEXTS,Texts and Ideas,4,gen_ed,,0,,,both,College Core Curriculum requirement,major
economics-computer-science-ba,Economics and Computer Science,BA,88,128,bulletin_knowledge,CORE-CULTURES,Cultures and Contexts,4,gen_ed,,0,,,both,College Core Curriculum requirement,major
economics-computer-science-ba,Economics and Computer Science,BA,88,128,bulletin_knowledge,CORE-EXPRESSIVE,Expressive Culture,4,gen_ed,,0,,,both,College Core Curriculum requirement,major
economics-computer-science-ba,Economics and Computer Science,BA,88,128,bulletin_knowledge,CORE-PHYSICAL-SCI,Physical Science,4,gen_ed,,0,,,both,College Core Curriculum requirement,major
economics-computer-science-ba,Economics and Computer Science,BA,88,128,bulletin_knowledge,CORE-LIFE-SCI,Life Science,4,gen_ed,,0,,,both,College Core Curriculum requirement,major
economics-computer-science-ba,Economics and Computer Science,BA,88,128,bulletin_knowledge,CORE-SOC-SCI,Societies and the Social Sciences,4,gen_ed,,0,,,both,College Core Curriculum requirement,major
economics-computer-science-ba,Economics and Computer Science,BA,88,128,bulletin_knowledge,ECON-UA 1,Introduction to Macroeconomics,4,core_required,,0,,,both,,major
economics-computer-science-ba,Economics and Computer Science,BA,88,128,bulletin_knowledge,ECON-UA 2,Introduction to Microeconomics,4,core_required,,0,,,both,,major
economics-computer-science-ba,Economics and Computer Science,BA,88,128,bulletin_knowledge,ECON-UA 11,Microeconomic Analysis,4,core_required,,0,ECON-UA 2|MATH-UA 133,,both,,major
economics-computer-science-ba,Economics and Computer Science,BA,88,128,bulletin_knowledge,ECON-UA 13,Macroeconomic Analysis,4,core_required,,0,ECON-UA 1|ECON-UA 11,,both,,major
economics-computer-science-ba,Economics and Computer Science,BA,88,128,bulletin_knowledge,ECON-UA 20,Analytical Statistics,4,core_required,,0,,,both,,major
economics-computer-science-ba,Economics and Computer Science,BA,88,128,bulletin_knowledge,ECON-UA 266,Introduction to Econometrics,4,core_required,,0,ECON-UA 20,,both,,major
economics-computer-science-ba,Economics and Computer Science,BA,88,128,bulletin_knowledge,MATH-UA 131,Mathematics for Economics I,4,core_required,,0,,,both,,major
economics-computer-science-ba,Economics and Computer Science,BA,88,128,bulletin_knowledge,MATH-UA 132,Mathematics for Economics II,4,core_required,,0,MATH-UA 131,,both,,major
economics-computer-science-ba,Economics and Computer Science,BA,88,128,bulletin_knowledge,MATH-UA 133,Mathematics for Economics III,4,core_required,,0,MATH-UA 132,,both,,major
economics-computer-science-ba,Economics and Computer Science,BA,88,128,bulletin_knowledge,MATH-UA 140,Linear Algebra,4,core_required,,0,MATH-UA 131,,both,,major
economics-computer-science-ba,Economics and Computer Science,BA,88,128,bulletin_knowledge,CSCI-UA 2,Introduction to Computer Programming,4,core_required,,0,,,both,,major
economics-computer-science-ba,Economics and Computer Science,BA,88,128,bulletin_knowledge,CSCI-UA 101,Introduction to Computer Science,4,core_required,,0,CSCI-UA 2,,both,,major
economics-computer-science-ba,Economics and Computer Science,BA,88,128,bulletin_knowledge,CSCI-UA 102,Data Structures,4,core_required,,0,CSCI-UA 101,,both,,major
economics-computer-science-ba,Economics and Computer Science,BA,88,128,bulletin_knowledge,CSCI-UA 201,Computer Systems Organization,4,core_required,,0,CSCI-UA 102,,both,,major
economics-computer-science-ba,Economics and Computer Science,BA,88,128,bulletin_knowledge,CSCI-UA 202,Operating Systems,4,core_required,,0,CSCI-UA 201,,both,,major
economics-computer-science-ba,Economics and Computer Science,BA,88,128,bulletin_knowledge,CSCI-UA 310,Basic Algorithms,4,core_required,,0,CSCI-UA 102|MATH-UA 120|MATH-UA 121,,both,,major
economics-computer-science-ba,Economics and Computer Science,BA,88,128,bulletin_knowledge,ECON-UA-ELECTIVE-1,Economics Elective 1 (300-level),4,major_elective,econ_cs_econ_electives,3,ECON-UA 11,,varies,,major
economics-computer-science-ba,Economics and Computer Science,BA,88,128,bulletin_knowledge,ECON-UA-ELECTIVE-2,Economics Elective 2 (300-level),4,major_elective,econ_cs_econ_electives,3,ECON-UA 11,,varies,,major
economics-computer-science-ba,Economics and Computer Science,BA,88,128,bulletin_knowledge,ECON-UA-ELECTIVE-3,Economics Elective 3 (300-level),4,major_elective,econ_cs_econ_electives,3,ECON-UA 11,,varies,,major
economics-computer-science-ba,Economics and Computer Science,BA,88,128,bulletin_knowledge,CSCI-UA-4XX-ELECTIVE-1,CS 400-Level Elective 1,4,major_elective,econ_cs_cs_electives,3,CSCI-UA 201,,varies,,major
economics-computer-science-ba,Economics and Computer Science,BA,88,128,bulletin_knowledge,CSCI-UA-4XX-ELECTIVE-2,CS 400-Level Elective 2,4,major_elective,econ_cs_cs_electives,3,CSCI-UA 201,,varies,,major
economics-computer-science-ba,Economics and Computer Science,BA,88,128,bulletin_knowledge,CSCI-UA-4XX-ELECTIVE-3,CS 400-Level Elective 3,4,major_elective,econ_cs_cs_electives,3,CSCI-UA 201,,varies,,major
data-science-mathematics-ba,Data Science and Mathematics,BA,76,128,bulletin_knowledge,FIRST-YEAR-SEMINAR,First-Year Seminar,4,gen_ed,,0,,,fall,College Core Curriculum requirement,major
data-science-mathematics-ba,Data Science and Mathematics,BA,76,128,bulletin_knowledge,EXPOS-UA 1,Writing as Inquiry,4,gen_ed,,0,,,both,College Core Curriculum requirement,major
data-science-mathematics-ba,Data Science and Mathematics,BA,76,128,bulletin_knowledge,LANG-LEVEL-1,Foreign Language I,4,gen_ed,,0,,,both,College Core Curriculum requirement,major
data-science-mathematics-ba,Data Science and Mathematics,BA,76,128,bulletin_knowledge,LANG-LEVEL-2,Foreign Language II,4,gen_ed,,0,,,both,College Core Curriculum requirement,major
data-science-mathematics-ba,Data Science and Mathematics,BA,76,128,bulletin_knowledge,LANG-LEVEL-3,Foreign Language III,4,gen_ed,,0,,,both,College Core Curriculum requirement,major
data-science-mathematics-ba,Data Science and Mathematics,BA,76,128,bulletin_knowledge,LANG-LEVEL-4,Foreign Language IV (Intermediate),4,gen_ed,,0,,,both,College Core Curriculum requirement,major
data-science-mathematics-ba,Data Science and Mathematics,BA,76,128,bulletin_knowledge,CORE-TEXTS,Texts and Ideas,4,gen_ed,,0,,,both,College Core Curriculum requirement,major
data-science-mathematics-ba,Data Science and Mathematics,BA,76,128,bulletin_knowledge,CORE-CULTURES,Cultures and Contexts,4,gen_ed,,0,,,both,College Core Curriculum requirement,major
data-science-mathematics-ba,Data Science and Mathematics,BA,76,128,bulletin_knowledge,CORE-EXPRESSIVE,Expressive Culture,4,gen_ed,,0,,,both,College Core Curriculum requirement,major
data-science-mathematics-ba,Data Science and Mathematics,BA,76,128,bulletin_knowledge,CORE-PHYSICAL-SCI,Physical Science,4,gen_ed,,0,,,both,College Core Curriculum requirement,major
data-science-mathematics-ba,Data Science and Mathematics,BA,76,128,bulletin_knowledge,CORE-LIFE-SCI,Life Science,4,gen_ed,,0,,,both,College Core Curriculum requirement,major
data-science-mathematics-ba,Data Science and Mathematics,BA,76,128,bulletin_knowledge,CORE-SOC-SCI,Societies and the Social Sciences,4,gen_ed,,0,,,both,College Core Curriculum requirement,major
data-science-mathematics-ba,Data Science and Mathematics,BA,76,128,bulletin_knowledge,DS-UA 111,Principles of Data Science I,4,core_required,,0,,,both,,major
data-science-mathematics-ba,Data Science and Mathematics,BA,76,128,bulletin_knowledge,DS-UA 112,Principles of Data Science II,4,core_required,,0,DS-UA 111,,both,,major
data-science-mathematics-ba,Data Science and Mathematics,BA,76,128,bulletin_knowledge,DS-UA 201,Causal Inference,4,core_required,,0,DS-UA 112,,both,,major
data-science-mathematics-ba,Data Science and Mathematics,BA,76,128,bulletin_knowledge,DS-UA 202,Responsible Data Science,4,core_required,,0,DS-UA 111,,spring,,major
data-science-mathematics-ba,Data Science and Mathematics,BA,76,128,bulletin_knowledge,DS-UA 301,Advanced Topics in Data Science,4,core_required,,0,DS-UA 201,,both,,major
data-science-mathematics-ba,Data Science and Mathematics,BA,76,128,bulletin_knowledge,CSCI-UA 101,Introduction to Computer Science,4,core_required,,0,CSCI-UA 2,,both,,major
data-science-mathematics-ba,Data Science and Mathematics,BA,76,128,bulletin_knowledge,CSCI-UA 102,Data Structures,4,core_required,,0,CSCI-UA 101,,both,,major
data-science-mathematics-ba,Data Science and Mathematics,BA,76,128,bulletin_knowledge,CSCI-UA 473,Fundamentals of Machine Learning,4,core_required,,0,CSCI-UA 102|MATH-UA 140,,both,,major
data-science-mathematics-ba,Data Science and Mathematics,BA,76,128,bulletin_knowledge,CSCI-UA 479,Data Management and Analysis,4,core_required,,0,CSCI-UA 102,,both,,major
data-science-mathematics-ba,Data Science and Mathematics,BA,76,128,bulletin_knowledge,MATH-UA 120,Discrete Mathematics,4,core_required,,0,,,both,,major
data-science-mathematics-ba,Data Science and Mathematics,BA,76,128,bulletin_knowledge,MATH-UA 121,Calculus I,4,core_required,,0,,,both,,major
data-science-mathematics-ba,Data Science and Mathematics,BA,76,128,bulletin_knowledge,MATH-UA 122,Calculus II,4,core_required,,0,MATH-UA 121,,both,,major
data-science-mathematics-ba,Data Science and Mathematics,BA,76,128,bulletin_knowledge,MATH-UA 123,Calculus III,4,core_required,,0,MATH-UA 122,,both,,major
data-science-mathematics-ba,Data Science and Mathematics,BA,76,128,bulletin_knowledge,MATH-UA 140,Linear Algebra,4,core_required,,0,MATH-UA 121,,both,,major
data-science-mathematics-ba,Data Science and Mathematics,BA,76,128,bulletin_knowledge,MATH-UA 185,Probability & Statistics,4,core_required,,0,MATH-UA 121,,both,,major
data-science-mathematics-ba,Data Science and Mathematics,BA,76,128,bulletin_knowledge,MATH-UA 325,Analysis,4,core_required,,0,MATH-UA 123|MATH-UA 140,,both,,major
data-science-mathematics-ba,Data Science and Mathematics,BA,76,128,bulletin_knowledge,MATH-UA 343,Algebra,4,core_required,,0,MATH-UA 325,,both,,major
data-science-mathematics-ba,Data Science and Mathematics,BA,76,128,bulletin_knowledge,MATH-UA-ELECTIVE-1,Advanced Mathematics Elective 1,4,major_elective,ds_math_electives,2,MATH-UA 325,,varies,,major
data-science-mathematics-ba,Data Science and Mathematics,BA,76,128,bulletin_knowledge,MATH-UA-ELECTIVE-2,Advanced Mathematics Elective 2,4,major_elective,ds_math_electives,2,MATH-UA 325,,varies,,major
computer-data-science-ba,Computer and Data Science,BA,68,128,bulletin_knowledge,FIRST-YEAR-SEMINAR,First-Year Seminar,4,gen_ed,,0,,,fall,College Core Curriculum requirement,major
computer-data-science-ba,Computer and Data Science,BA,68,128,bulletin_knowledge,EXPOS-UA 1,Writing as Inquiry,4,gen_ed,,0,,,both,College Core Curriculum requirement,major
computer-data-science-ba,Computer and Data Science,BA,68,128,bulletin_knowledge,LANG-LEVEL-1,Foreign Language I,4,gen_ed,,0,,,both,College Core Curriculum requirement,major
computer-data-science-ba,Computer and Data Science,BA,68,128,bulletin_knowledge,LANG-LEVEL-2,Foreign Language II,4,gen_ed,,0,,,both,College Core Curriculum requirement,major
computer-data-science-ba,Computer and Data Science,BA,68,128,bulletin_knowledge,LANG-LEVEL-3,Foreign Language III,4,gen_ed,,0,,,both,College Core Curriculum requirement,major
computer-data-science-ba,Computer and Data Science,BA,68,128,bulletin_knowledge,LANG-LEVEL-4,Foreign Language IV (Intermediate),4,gen_ed,,0,,,both,College Core Curriculum requirement,major
computer-data-science-ba,Computer and Data Science,BA,68,128,bulletin_knowledge,CORE-TEXTS,Texts and Ideas,4,gen_ed,,0,,,both,College Core Curriculum requirement,major
computer-data-science-ba,Computer and Data Science,BA,68,128,bulletin_knowledge,CORE-CULTURES,Cultures and Contexts,4,gen_ed,,0,,,both,College Core Curriculum requirement,major
computer-data-science-ba,Computer and Data Science,BA,68,128,bulletin_knowledge,CORE-EXPRESSIVE,Expressive Culture,4,gen_ed,,0,,,both,College Core Curriculum requirement,major
computer-data-science-ba,Computer and Data Science,BA,68,128,bulletin_knowledge,CORE-PHYSICAL-SCI,Physical Science,4,gen_ed,,0,,,both,College Core Curriculum requirement,major
computer-data-science-ba,Computer and Data Science,BA,68,128,bulletin_knowledge,CORE-LIFE-SCI,Life Science,4,gen_ed,,0,,,both,College Core Curriculum requirement,major
computer-data-science-ba,Computer and Data Science,BA,68,128,bulletin_knowledge,CORE-SOC-SCI,Societies and the Social Sciences,4,gen_ed,,0,,,both,College Core Curriculum requirement,major
computer-data-science-ba,Computer and Data Science,BA,68,128,bulletin_knowledge,CSCI-UA 2,Introduction to Computer Programming,4,core_required,,0,,,both,,major
computer-data-science-ba,Computer and Data Science,BA,68,128,bulletin_knowledge,CSCI-UA 101,Introduction to Computer Science,4,core_required,,0,CSCI-UA 2,,both,,major
computer-data-science-ba,Computer and Data Science,BA,68,128,bulletin_knowledge,CSCI-UA 102,Data Structures,4,core_required,,0,CSCI-UA 101,,both,,major
computer-data-science-ba,Computer and Data Science,BA,68,128,bulletin_knowledge,CSCI-UA 201,Computer Systems Organization,4,core_required,,0,CSCI-UA 102,,both,,major
computer-data-science-ba,Computer and Data Science,BA,68,128,bulletin_knowledge,CSCI-UA 202,Operating Systems,4,core_required,,0,CSCI-UA 201,,both,,major
computer-data-science-ba,Computer and Data Science,BA,68,128,bulletin_knowledge,CSCI-UA 310,Basic Algorithms,4,core_required,,0,CSCI-UA 102|MATH-UA 120|MATH-UA 121,,both,,major
computer-data-science-ba,Computer and Data Science,BA,68,128,bulletin_knowledge,CSCI-UA 473,Fundamentals of Machine Learning,4,core_required,,0,CSCI-UA 102|MATH-UA 140,,both,,major
computer-data-science-ba,Computer and Data Science,BA,68,128,bulletin_knowledge,DS-UA 111,Principles of Data Science I,4,core_required,,0,,,both,,major
computer-data-science-ba,Computer and Data Science,BA,68,128,bulletin_knowledge,DS-UA 112,Principles of Data Science II,4,core_required,,0,DS-UA 111,,both,,major
computer-data-science-ba,Computer and Data Science,BA,68,128,bulletin_knowledge,DS-UA 201,Causal Inference,4,core_required,,0,DS-UA 112,,both,,major
computer-data-science-ba,Computer and Data Science,BA,68,128,bulletin_knowledge,DS-UA 202,Responsible Data Science,4,core_required,,0,DS-UA 111,,spring,,major
computer-data-science-ba,Computer and Data Science,BA,68,128,bulletin_knowledge,DS-UA 301,Advanced Topics in Data Science,4,core_required,,0,DS-UA 201,,both,,major
computer-data-science-ba,Computer and Data Science,BA,68,128,bulletin_knowledge,MATH-UA 120,Discrete Mathematics,4,core_required,,0,,,both,,major
computer-data-science-ba,Computer and Data Science,BA,68,128,bulletin_knowledge,MATH-UA 121,Calculus I,4,core_required,,0,,,both,,major
computer-data-science-ba,Computer and Data Science,BA,68,128,bulletin_knowledge,MATH-UA 140,Linear Algebra,4,core_required,,0,MATH-UA 121,,both,,major
computer-data-science-ba,Computer and Data Science,BA,68,128,bulletin_knowledge,MATH-UA 185,Probability & Statistics,4,core_required,,0,MATH-UA 121,,both,,major
computer-data-science-ba,Computer and Data Science,BA,68,128,bulletin_knowledge,CSCI-UA-4XX-ELECTIVE-1,CS 400-Level Elective,4,major_elective,cds_cs_electives,1,CSCI-UA 201,,varies,,major
biochemistry-ba,Biochemistry,BA,72,128,bulletin_knowledge,FIRST-YEAR-SEMINAR,First-Year Seminar,4,gen_ed,,0,,,fall,College Core Curriculum requirement,major
biochemistry-ba,Biochemistry,BA,72,128,bulletin_knowledge,EXPOS-UA 1,Writing as Inquiry,4,gen_ed,,0,,,both,College Core Curriculum requirement,major
biochemistry-ba,Biochemistry,BA,72,128,bulletin_knowledge,LANG-LEVEL-1,Foreign Language I,4,gen_ed,,0,,,both,College Core Curriculum requirement,major
biochemistry-ba,Biochemistry,BA,72,128,bulletin_knowledge,LANG-LEVEL-2,Foreign Language II,4,gen_ed,,0,,,both,College Core Curriculum requirement,major
biochemistry-ba,Biochemistry,BA,72,128,bulletin_knowledge,LANG-LEVEL-3,Foreign Language III,4,gen_ed,,0,,,both,College Core Curriculum requirement,major
biochemistry-ba,Biochemistry,BA,72,128,bulletin_knowledge,LANG-LEVEL-4,Foreign Language IV,4,gen_ed,,0,,,both,College Core Curriculum requirement,major
biochemistry-ba,Biochemistry,BA,72,128,bulletin_knowledge,CORE-TEXTS,Texts and Ideas,4,gen_ed,,0,,,both,College Core Curriculum requirement,major
biochemistry-ba,Biochemistry,BA,72,128,bulletin_knowledge,CORE-CULTURES,Cultures and Contexts,4,gen_ed,,0,,,both,College Core Curriculum requirement,major
biochemistry-ba,Biochemistry,BA,72,128,bulletin_knowledge,CORE-EXPRESSIVE,Expressive Culture,4,gen_ed,,0,,,both,College Core Curriculum requirement,major
biochemistry-ba,Biochemistry,BA,72,128,bulletin_knowledge,CORE-SOC-SCI,Societies and the Social Sciences,4,gen_ed,,0,,,both,College Core Curriculum requirement,major
biochemistry-ba,Biochemistry,BA,72,128,bulletin_knowledge,BIOL-UA 11,Principles of Biology I,4,core_required,,0,,,both,,major
biochemistry-ba,Biochemistry,BA,72,128,bulletin_knowledge,BIOL-UA 12,Principles of Biology II,4,core_required,,0,BIOL-UA 11,,both,,major
biochemistry-ba,Biochemistry,BA,72,128,bulletin_knowledge,BIOL-UA 21,Molecular and Cell Biology I,4,core_required,,0,BIOL-UA 12|CHEM-UA 126,,both,,major
biochemistry-ba,Biochemistry,BA,72,128,bulletin_knowledge,CHEM-UA 125,General Chemistry I & Laboratory,5,core_required,,0,,,both,,major
biochemistry-ba,Biochemistry,BA,72,128,bulletin_knowledge,CHEM-UA 126,General Chemistry II & Laboratory,5,core_required,,0,CHEM-UA 125,,both,,major
biochemistry-ba,Biochemistry,BA,72,128,bulletin_knowledge,CHEM-UA 225,Organic Chemistry I & Laboratory,5,core_required,,0,CHEM-UA 126,,both,,major
biochemistry-ba,Biochemistry,BA,72,128,bulletin_knowledge,CHEM-UA 226,Organic Chemistry II & Laboratory,5,core_required,,0,CHEM-UA 225,,both,,major
biochemistry-ba,Biochemistry,BA,72,128,bulletin_knowledge,CHEM-UA 881,Biochemistry I,4,core_required,,0,CHEM-UA 226|BIOL-UA 21,,both,,major
biochemistry-ba,Biochemistry,BA,72,128,bulletin_knowledge,CHEM-UA 882,Biochemistry II,4,core_required,,0,CHEM-UA 881,,both,,major
biochemistry-ba,Biochemistry,BA,72,128,bulletin_knowledge,CHEM-UA 885,Biochemistry Lab,4,core_required,,0,CHEM-UA 881,,both,,major
biochemistry-ba,Biochemistry,BA,72,128,bulletin_knowledge,PHYS-UA 11,General Physics I,5,core_required,,0,MATH-UA 121,,both,,major
biochemistry-ba,Biochemistry,BA,72,128,bulletin_knowledge,PHYS-UA 12,General Physics II,5,core_required,,0,PHYS-UA 11,,both,,major
biochemistry-ba,Biochemistry,BA,72,128,bulletin_knowledge,MATH-UA 121,Calculus I,4,core_required,,0,,,both,,major
biochemistry-ba,Biochemistry,BA,72,128,bulletin_knowledge,MATH-UA 122,Calculus II,4,core_required,,0,MATH-UA 121,,both,,major
biochemistry-ba,Biochemistry,BA,72,128,bulletin_knowledge,BIOCHEM-ELECTIVE-1,Biochemistry/Biology Elective 1,4,major_elective,biochem_electives,2,CHEM-UA 881,,varies,,major
biochemistry-ba,Biochemistry,BA,72,128,bulletin_knowledge,BIOCHEM-ELECTIVE-2,Biochemistry/Biology Elective 2,4,major_elective,biochem_electives,2,CHEM-UA 881,,varies,,major
biochemistry-ba,Biochemistry,BA,72,128,bulletin_knowledge,FREE-ELECTIVE-1,Free Elective 1,4,major_elective,,0,,,both,,major
africana-studies-ba,Africana Studies,BA,36,128,bulletin_knowledge,FIRST-YEAR-SEMINAR,First-Year Seminar,4,gen_ed,,0,,,fall,College Core Curriculum requirement,major
africana-studies-ba,Africana Studies,BA,36,128,bulletin_knowledge,EXPOS-UA 1,Writing as Inquiry,4,gen_ed,,0,,,both,College Core Curriculum requirement,major
africana-studies-ba,Africana Studies,BA,36,128,bulletin_knowledge,LANG-LEVEL-1,Foreign Language I,4,gen_ed,,0,,,both,College Core Curriculum requirement,major
africana-studies-ba,Africana Studies,BA,36,128,bulletin_knowledge,LANG-LEVEL-2,Foreign Language II,4,gen_ed,,0,,,both,College Core Curriculum requirement,major
africana-studies-ba,Africana Studies,BA,36,128,bulletin_knowledge,LANG-LEVEL-3,Foreign Language III,4,gen_ed,,0,,,both,College Core Curriculum requirement,major
africana-studies-ba,Africana Studies,BA,36,128,bulletin_knowledge,LANG-LEVEL-4,Foreign Language IV (Intermediate),4,gen_ed,,0,,,both,College Core Curriculum requirement,major
africana-studies-ba,Africana Studies,BA,36,128,bulletin_knowledge,CORE-TEXTS,Texts and Ideas,4,gen_ed,,0,,,both,College Core Curriculum requirement,major
africana-studies-ba,Africana Studies,BA,36,128,bulletin_knowledge,CORE-CULTURES,Cultures and Contexts,4,gen_ed,,0,,,both,College Core Curriculum requirement,major
africana-studies-ba,Africana Studies,BA,36,128,bulletin_knowledge,CORE-EXPRESSIVE,Expressive Culture,4,gen_ed,,0,,,both,College Core Curriculum requirement,major
africana-studies-ba,Africana Studies,BA,36,128,bulletin_knowledge,CORE-PHYSICAL-SCI,Physical Science,4,gen_ed,,0,,,both,College Core Curriculum requirement,major
africana-studies-ba,Africana Studies,BA,36,128,bulletin_knowledge,CORE-LIFE-SCI,Life Science,4,gen_ed,,0,,,both,College Core Curriculum requirement,major
africana-studies-ba,Africana Studies,BA,36,128,bulletin_knowledge,AFST-UA 1,Introduction to Africana Studies,4,core_required,,0,,,both,,major
africana-studies-ba,Africana Studies,BA,36,128,bulletin_knowledge,AFST-UA 100,Methods in Africana Studies,4,core_required,,0,AFST-UA 1,,both,,major
africana-studies-ba,Africana Studies,BA,36,128,bulletin_knowledge,AFST-UA 900,Senior Seminar,4,core_required,,0,AFST-UA 100,,varies,,major
africana-studies-ba,Africana Studies,BA,36,128,bulletin_knowledge,ELECTIVE-1,Africana Studies Elective 1,4,major_elective,afst_electives,4,AFST-UA 1,,varies,,major
africana-studies-ba,Africana Studies,BA,36,128,bulletin_knowledge,ELECTIVE-2,Africana Studies Elective 2,4,major_elective,afst_electives,4,AFST-UA 1,,varies,,major
africana-studies-ba,Africana Studies,BA,36,128,bulletin_knowledge,ELECTIVE-3,Africana Studies Elective 3,4,major_elective,afst_electives,4,AFST-UA 1,,varies,,major
africana-studies-ba,Africana Studies,BA,36,128,bulletin_knowledge,ELECTIVE-4,Africana Studies Elective 4,4,major_elective,afst_electives,4,AFST-UA 1,,varies,,major
africana-studies-ba,Africana Studies,BA,36,128,bulletin_knowledge,FREE-ELECTIVE-1,Free Elective 1,4,major_elective,,0,,,both,,major
africana-studies-ba,Africana Studies,BA,36,128,bulletin_knowledge,FREE-ELECTIVE-2,Free Elective 2,4,major_elective,,0,,,both,,major
africana-studies-ba,Africana Studies,BA,36,128,bulletin_knowledge,FREE-ELECTIVE-3,Free Elective 3,4,major_elective,,0,,,both,,major
africana-studies-ba,Africana Studies,BA,36,128,bulletin_knowledge,FREE-ELECTIVE-4,Free Elective 4,4,major_elective,,0,,,both,,major
africana-studies-ba,Africana Studies,BA,36,128,bulletin_knowledge,FREE-ELECTIVE-5,Free Elective 5,4,major_elective,,0,,,both,,major
africana-studies-ba,Africana Studies,BA,36,128,bulletin_knowledge,FREE-ELECTIVE-6,Free Elective 6,4,major_elective,,0,,,both,,major
africana-studies-ba,Africana Studies,BA,36,128,bulletin_knowledge,FREE-ELECTIVE-7,Free Elective 7,4,major_elective,,0,,,both,,major
africana-studies-ba,Africana Studies,BA,36,128,bulletin_knowledge,FREE-ELECTIVE-8,Free Elective 8,4,major_elective,,0,,,both,,major
africana-studies-ba,Africana Studies,BA,36,128,bulletin_knowledge,FREE-ELECTIVE-9,Free Elective 9,4,major_elective,,0,,,both,,major
africana-studies-ba,Africana Studies,BA,36,128,bulletin_knowledge,FREE-ELECTIVE-10,Free Elective 10,4,major_elective,,0,,,both,,major
africana-studies-ba,Africana Studies,BA,36,128,bulletin_knowledge,FREE-ELECTIVE-11,Free Elective 11,4,major_elective,,0,,,both,,major
american-studies-ba,American Studies,BA,36,128,bulletin_knowledge,FIRST-YEAR-SEMINAR,First-Year Seminar,4,gen_ed,,0,,,fall,College Core Curriculum requirement,major
american-studies-ba,American Studies,BA,36,128,bulletin_knowledge,EXPOS-UA 1,Writing as Inquiry,4,gen_ed,,0,,,both,College Core Curriculum requirement,major
american-studies-ba,American Studies,BA,36,128,bulletin_knowledge,LANG-LEVEL-1,Foreign Language I,4,gen_ed,,0,,,both,College Core Curriculum requirement,major
american-studies-ba,American Studies,BA,36,128,bulletin_knowledge,LANG-LEVEL-2,Foreign Language II,4,gen_ed,,0,,,both,College Core Curriculum requirement,major
american-studies-ba,American Studies,BA,36,128,bulletin_knowledge,LANG-LEVEL-3,Foreign Language III,4,gen_ed,,0,,,both,College Core Curriculum requirement,major
american-studies-ba,American Studies,BA,36,128,bulletin_knowledge,LANG-LEVEL-4,Foreign Language IV (Intermediate),4,gen_ed,,0,,,both,College Core Curriculum requirement,major
american-studies-ba,American Studies,BA,36,128,bulletin_knowledge,CORE-TEXTS,Texts and Ideas,4,gen_ed,,0,,,both,College Core Curriculum requirement,major
american-studies-ba,American Studies,BA,36,128,bulletin_knowledge,CORE-CULTURES,Cultures and Contexts,4,gen_ed,,0,,,both,College Core Curriculum requirement,major
american-studies-ba,American Studies,BA,36,128,bulletin_knowledge,CORE-EXPRESSIVE,Expressive Culture,4,gen_ed,,0,,,both,College Core Curriculum requirement,major
american-studies-ba,American Studies,BA,36,128,bulletin_knowledge,CORE-PHYSICAL-SCI,Physical Science,4,gen_ed,,0,,,both,College Core Curriculum requirement,major
american-studies-ba,American Studies,BA,36,128,bulletin_knowledge,CORE-LIFE-SCI,Life Science,4,gen_ed,,0,,,both,College Core Curriculum requirement,major
american-studies-ba,American Studies,BA,36,128,bulletin_knowledge,AMST-UA 101,Introduction to American Studies,4,core_required,,0,,,both,,major
american-studies-ba,American Studies,BA,36,128,bulletin_knowledge,AMST-UA 200,Methods and Theory,4,core_required,,0,AMST-UA 101,,both,,major
american-studies-ba,American Studies,BA,36,128,bulletin_knowledge,AMST-UA 900,Senior Capstone,4,core_required,,0,AMST-UA 200,,varies,,major
american-studies-ba,American Studies,BA,36,128,bulletin_knowledge,ELECTIVE-1,American Studies Elective 1,4,major_elective,amst_electives,4,AMST-UA 101,,varies,,major
american-studies-ba,American Studies,BA,36,128,bulletin_knowledge,ELECTIVE-2,American Studies Elective 2,4,major_elective,amst_electives,4,AMST-UA 101,,varies,,major
american-studies-ba,American Studies,BA,36,128,bulletin_knowledge,ELECTIVE-3,American Studies Elective 3,4,major_elective,amst_electives,4,AMST-UA 101,,varies,,major
american-studies-ba,American Studies,BA,36,128,bulletin_knowledge,ELECTIVE-4,American Studies Elective 4,4,major_elective,amst_electives,4,AMST-UA 101,,varies,,major
american-studies-ba,American Studies,BA,36,128,bulletin_knowledge,FREE-ELECTIVE-1,Free Elective 1,4,major_elective,,0,,,both,,major
american-studies-ba,American Studies,BA,36,128,bulletin_knowledge,FREE-ELECTIVE-2,Free Elective 2,4,major_elective,,0,,,both,,major
american-studies-ba,American Studies,BA,36,128,bulletin_knowledge,FREE-ELECTIVE-3,Free Elective 3,4,major_elective,,0,,,both,,major
american-studies-ba,American Studies,BA,36,128,bulletin_knowledge,FREE-ELECTIVE-4,Free Elective 4,4,major_elective,,0,,,both,,major
american-studies-ba,American Studies,BA,36,128,bulletin_knowledge,FREE-ELECTIVE-5,Free Elective 5,4,major_elective,,0,,,both,,major
american-studies-ba,American Studies,BA,36,128,bulletin_knowledge,FREE-ELECTIVE-6,Free Elective 6,4,major_elective,,0,,,both,,major
american-studies-ba,American Studies,BA,36,128,bulletin_knowledge,FREE-ELECTIVE-7,Free Elective 7,4,major_elective,,0,,,both,,major
american-studies-ba,American Studies,BA,36,128,bulletin_knowledge,FREE-ELECTIVE-8,Free Elective 8,4,major_elective,,0,,,both,,major
american-studies-ba,American Studies,BA,36,128,bulletin_knowledge,FREE-ELECTIVE-9,Free Elective 9,4,major_elective,,0,,,both,,major
american-studies-ba,American Studies,BA,36,128,bulletin_knowledge,FREE-ELECTIVE-10,Free Elective 10,4,major_elective,,0,,,both,,major
american-studies-ba,American Studies,BA,36,128,bulletin_knowledge,FREE-ELECTIVE-11,Free Elective 11,4,major_elective,,0,,,both,,major
cinema-studies-ba,Cinema Studies,BA,36,128,bulletin_knowledge,FIRST-YEAR-SEMINAR,First-Year Seminar,4,gen_ed,,0,,,fall,College Core Curriculum requirement,major
cinema-studies-ba,Cinema Studies,BA,36,128,bulletin_knowledge,EXPOS-UA 1,Writing as Inquiry,4,gen_ed,,0,,,both,College Core Curriculum requirement,major
cinema-studies-ba,Cinema Studies,BA,36,128,bulletin_knowledge,LANG-LEVEL-1,Foreign Language I,4,gen_ed,,0,,,both,College Core Curriculum requirement,major
cinema-studies-ba,Cinema Studies,BA,36,128,bulletin_knowledge,LANG-LEVEL-2,Foreign Language II,4,gen_ed,,0,,,both,College Core Curriculum requirement,major
cinema-studies-ba,Cinema Studies,BA,36,128,bulletin_knowledge,LANG-LEVEL-3,Foreign Language III,4,gen_ed,,0,,,both,College Core Curriculum requirement,major
cinema-studies-ba,Cinema Studies,BA,36,128,bulletin_knowledge,LANG-LEVEL-4,Foreign Language IV (Intermediate),4,gen_ed,,0,,,both,College Core Curriculum requirement,major
cinema-studies-ba,Cinema Studies,BA,36,128,bulletin_knowledge,CORE-TEXTS,Texts and Ideas,4,gen_ed,,0,,,both,College Core Curriculum requirement,major
cinema-studies-ba,Cinema Studies,BA,36,128,bulletin_knowledge,CORE-CULTURES,Cultures and Contexts,4,gen_ed,,0,,,both,College Core Curriculum requirement,major
cinema-studies-ba,Cinema Studies,BA,36,128,bulletin_knowledge,CORE-EXPRESSIVE,Expressive Culture,4,gen_ed,,0,,,both,College Core Curriculum requirement,major
cinema-studies-ba,Cinema Studies,BA,36,128,bulletin_knowledge,CORE-PHYSICAL-SCI,Physical Science,4,gen_ed,,0,,,both,College Core Curriculum requirement,major
cinema-studies-ba,Cinema Studies,BA,36,128,bulletin_knowledge,CORE-LIFE-SCI,Life Science,4,gen_ed,,0,,,both,College Core Curriculum requirement,major
cinema-studies-ba,Cinema Studies,BA,36,128,bulletin_knowledge,CINE-UA 1,Introduction to Cinema Studies,4,core_required,,0,,,both,,major
cinema-studies-ba,Cinema Studies,BA,36,128,bulletin_knowledge,CINE-UA 100,History of Cinema I,4,core_required,,0,CINE-UA 1,,both,,major
cinema-studies-ba,Cinema Studies,BA,36,128,bulletin_knowledge,CINE-UA 101,History of Cinema II,4,core_required,,0,CINE-UA 1,,both,,major
cinema-studies-ba,Cinema Studies,BA,36,128,bulletin_knowledge,CINE-UA 850,Senior Seminar,4,core_required,,0,CINE-UA 100|CINE-UA 101,,varies,,major
cinema-studies-ba,Cinema Studies,BA,36,128,bulletin_knowledge,ELECTIVE-1,Cinema Studies Elective 1,4,major_elective,cine_electives,4,CINE-UA 1,,varies,,major
cinema-studies-ba,Cinema Studies,BA,36,128,bulletin_knowledge,ELECTIVE-2,Cinema Studies Elective 2,4,major_elective,cine_electives,4,CINE-UA 1,,varies,,major
cinema-studies-ba,Cinema Studies,BA,36,128,bulletin_knowledge,ELECTIVE-3,Cinema Studies Elective 3,4,major_elective,cine_electives,4,CINE-UA 1,,varies,,major
cinema-studies-ba,Cinema Studies,BA,36,128,bulletin_knowledge,ELECTIVE-4,Cinema Studies Elective 4,4,major_elective,cine_electives,4,CINE-UA 1,,varies,,major
cinema-studies-ba,Cinema Studies,BA,36,128,bulletin_knowledge,FREE-ELECTIVE-1,Free Elective 1,4,major_elective,,0,,,both,,major
cinema-studies-ba,Cinema Studies,BA,36,128,bulletin_knowledge,FREE-ELECTIVE-2,Free Elective 2,4,major_elective,,0,,,both,,major
cinema-studies-ba,Cinema Studies,BA,36,128,bulletin_knowledge,FREE-ELECTIVE-3,Free Elective 3,4,major_elective,,0,,,both,,major
cinema-studies-ba,Cinema Studies,BA,36,128,bulletin_knowledge,FREE-ELECTIVE-4,Free Elective 4,4,major_elective,,0,,,both,,major
cinema-studies-ba,Cinema Studies,BA,36,128,bulletin_knowledge,FREE-ELECTIVE-5,Free Elective 5,4,major_elective,,0,,,both,,major
cinema-studies-ba,Cinema Studies,BA,36,128,bulletin_knowledge,FREE-ELECTIVE-6,Free Elective 6,4,major_elective,,0,,,both,,major
cinema-studies-ba,Cinema Studies,BA,36,128,bulletin_knowledge,FREE-ELECTIVE-7,Free Elective 7,4,major_elective,,0,,,both,,major
cinema-studies-ba,Cinema Studies,BA,36,128,bulletin_knowledge,FREE-ELECTIVE-8,Free Elective 8,4,major_elective,,0,,,both,,major
cinema-studies-ba,Cinema Studies,BA,36,128,bulletin_knowledge,FREE-ELECTIVE-9,Free Elective 9,4,major_elective,,0,,,both,,major
cinema-studies-ba,Cinema Studies,BA,36,128,bulletin_knowledge,FREE-ELECTIVE-10,Free Elective 10,4,major_elective,,0,,,both,,major
cinema-studies-ba,Cinema Studies,BA,36,128,bulletin_knowledge,FREE-ELECTIVE-11,Free Elective 11,4,major_elective,,0,,,both,,major
comparative-literature-ba,Comparative Literature,BA,36,128,bulletin_knowledge,FIRST-YEAR-SEMINAR,First-Year Seminar,4,gen_ed,,0,,,fall,College Core Curriculum requirement,major
comparative-literature-ba,Comparative Literature,BA,36,128,bulletin_knowledge,EXPOS-UA 1,Writing as Inquiry,4,gen_ed,,0,,,both,College Core Curriculum requirement,major
comparative-literature-ba,Comparative Literature,BA,36,128,bulletin_knowledge,LANG-LEVEL-1,Foreign Language I,4,gen_ed,,0,,,both,College Core Curriculum requirement,major
comparative-literature-ba,Comparative Literature,BA,36,128,bulletin_knowledge,LANG-LEVEL-2,Foreign Language II,4,gen_ed,,0,,,both,College Core Curriculum requirement,major
comparative-literature-ba,Comparative Literature,BA,36,128,bulletin_knowledge,LANG-LEVEL-3,Foreign Language III,4,gen_ed,,0,,,both,College Core Curriculum requirement,major
comparative-literature-ba,Comparative Literature,BA,36,128,bulletin_knowledge,LANG-LEVEL-4,Foreign Language IV (Intermediate),4,gen_ed,,0,,,both,College Core Curriculum requirement,major
comparative-literature-ba,Comparative Literature,BA,36,128,bulletin_knowledge,CORE-TEXTS,Texts and Ideas,4,gen_ed,,0,,,both,College Core Curriculum requirement,major
comparative-literature-ba,Comparative Literature,BA,36,128,bulletin_knowledge,CORE-CULTURES,Cultures and Contexts,4,gen_ed,,0,,,both,College Core Curriculum requirement,major
comparative-literature-ba,Comparative Literature,BA,36,128,bulletin_knowledge,CORE-EXPRESSIVE,Expressive Culture,4,gen_ed,,0,,,both,College Core Curriculum requirement,major
comparative-literature-ba,Comparative Literature,BA,36,128,bulletin_knowledge,CORE-PHYSICAL-SCI,Physical Science,4,gen_ed,,0,,,both,College Core Curriculum requirement,major
comparative-literature-ba,Comparative Literature,BA,36,128,bulletin_knowledge,CORE-LIFE-SCI,Life Science,4,gen_ed,,0,,,both,College Core Curriculum requirement,major
comparative-literature-ba,Comparative Literature,BA,36,128,bulletin_knowledge,COLIT-UA 1,Introduction to Comparative Literature,4,core_required,,0,,,both,,major
comparative-literature-ba,Comparative Literature,BA,36,128,bulletin_knowledge,COLIT-UA 200,Methods in Comparative Literature,4,core_required,,0,COLIT-UA 1,,both,,major
comparative-literature-ba,Comparative Literature,BA,36,128,bulletin_knowledge,COLIT-UA 900,Senior Seminar,4,core_required,,0,COLIT-UA 200,,varies,,major
comparative-literature-ba,Comparative Literature,BA,36,128,bulletin_knowledge,ELECTIVE-1,Comparative Literature Elective 1,4,major_elective,colit_electives,5,COLIT-UA 1,,varies,,major
comparative-literature-ba,Comparative Literature,BA,36,128,bulletin_knowledge,ELECTIVE-2,Comparative Literature Elective 2,4,major_elective,colit_electives,5,COLIT-UA 1,,varies,,major
comparative-literature-ba,Comparative Literature,BA,36,128,bulletin_knowledge,ELECTIVE-3,Comparative Literature Elective 3,4,major_elective,colit_electives,5,COLIT-UA 1,,varies,,major
comparative-literature-ba,Comparative Literature,BA,36,128,bulletin_knowledge,ELECTIVE-4,Comparative Literature Elective 4,4,major_elective,colit_electives,5,COLIT-UA 1,,varies,,major
comparative-literature-ba,Comparative Literature,BA,36,128,bulletin_knowledge,ELECTIVE-5,Comparative Literature Elective 5,4,major_elective,colit_electives,5,COLIT-UA 1,,varies,,major
comparative-literature-ba,Comparative Literature,BA,36,128,bulletin_knowledge,FREE-ELECTIVE-1,Free Elective 1,4,major_elective,,0,,,both,,major
comparative-literature-ba,Comparative Literature,BA,36,128,bulletin_knowledge,FREE-ELECTIVE-2,Free Elective 2,4,major_elective,,0,,,both,,major
comparative-literature-ba,Comparative Literature,BA,36,128,bulletin_knowledge,FREE-ELECTIVE-3,Free Elective 3,4,major_elective,,0,,,both,,major
comparative-literature-ba,Comparative Literature,BA,36,128,bulletin_knowledge,FREE-ELECTIVE-4,Free Elective 4,4,major_elective,,0,,,both,,major
comparative-literature-ba,Comparative Literature,BA,36,128,bulletin_knowledge,FREE-ELECTIVE-5,Free Elective 5,4,major_elective,,0,,,both,,major
comparative-literature-ba,Comparative Literature,BA,36,128,bulletin_knowledge,FREE-ELECTIVE-6,Free Elective 6,4,major_elective,,0,,,both,,major
comparative-literature-ba,Comparative Literature,BA,36,128,bulletin_knowledge,FREE-ELECTIVE-7,Free Elective 7,4,major_elective,,0,,,both,,major
comparative-literature-ba,Comparative Literature,BA,36,128,bulletin_knowledge,FREE-ELECTIVE-8,Free Elective 8,4,major_elective,,0,,,both,,major
comparative-literature-ba,Comparative Literature,BA,36,128,bulletin_knowledge,FREE-ELECTIVE-9,Free Elective 9,4,major_elective,,0,,,both,,major
comparative-literature-ba,Comparative Literature,BA,36,128,bulletin_knowledge,FREE-ELECTIVE-10,Free Elective 10,4,major_elective,,0,,,both,,major
comparative-literature-ba,Comparative Literature,BA,36,128,bulletin_knowledge,FREE-ELECTIVE-11,Free Elective 11,4,major_elective,,0,,,both,,major
east-asian-studies-ba,East Asian Studies,BA,36,128,bulletin_knowledge,FIRST-YEAR-SEMINAR,First-Year Seminar,4,gen_ed,,0,,,fall,College Core Curriculum requirement,major
east-asian-studies-ba,East Asian Studies,BA,36,128,bulletin_knowledge,EXPOS-UA 1,Writing as Inquiry,4,gen_ed,,0,,,both,College Core Curriculum requirement,major
east-asian-studies-ba,East Asian Studies,BA,36,128,bulletin_knowledge,LANG-LEVEL-1,Foreign Language I,4,gen_ed,,0,,,both,College Core Curriculum requirement,major
east-asian-studies-ba,East Asian Studies,BA,36,128,bulletin_knowledge,LANG-LEVEL-2,Foreign Language II,4,gen_ed,,0,,,both,College Core Curriculum requirement,major
east-asian-studies-ba,East Asian Studies,BA,36,128,bulletin_knowledge,LANG-LEVEL-3,Foreign Language III,4,gen_ed,,0,,,both,College Core Curriculum requirement,major
east-asian-studies-ba,East Asian Studies,BA,36,128,bulletin_knowledge,LANG-LEVEL-4,Foreign Language IV (Intermediate),4,gen_ed,,0,,,both,College Core Curriculum requirement,major
east-asian-studies-ba,East Asian Studies,BA,36,128,bulletin_knowledge,CORE-TEXTS,Texts and Ideas,4,gen_ed,,0,,,both,College Core Curriculum requirement,major
east-asian-studies-ba,East Asian Studies,BA,36,128,bulletin_knowledge,CORE-CULTURES,Cultures and Contexts,4,gen_ed,,0,,,both,College Core Curriculum requirement,major
east-asian-studies-ba,East Asian Studies,BA,36,128,bulletin_knowledge,CORE-EXPRESSIVE,Expressive Culture,4,gen_ed,,0,,,both,College Core Curriculum requirement,major
east-asian-studies-ba,East Asian Studies,BA,36,128,bulletin_knowledge,CORE-PHYSICAL-SCI,Physical Science,4,gen_ed,,0,,,both,College Core Curriculum requirement,major
east-asian-studies-ba,East Asian Studies,BA,36,128,bulletin_knowledge,CORE-LIFE-SCI,Life Science,4,gen_ed,,0,,,both,College Core Curriculum requirement,major
east-asian-studies-ba,East Asian Studies,BA,36,128,bulletin_knowledge,EAST-UA 1,Introduction to East Asian Civilizations,4,core_required,,0,,,both,,major
east-asian-studies-ba,East Asian Studies,BA,36,128,bulletin_knowledge,EAST-UA 900,Senior Research Seminar,4,core_required,,0,EAST-UA 1,,varies,,major
east-asian-studies-ba,East Asian Studies,BA,36,128,bulletin_knowledge,ELECTIVE-1,East Asian Studies Elective 1,4,major_elective,east_electives,6,EAST-UA 1,,varies,,major
east-asian-studies-ba,East Asian Studies,BA,36,128,bulletin_knowledge,ELECTIVE-2,East Asian Studies Elective 2,4,major_elective,east_electives,6,EAST-UA 1,,varies,,major
east-asian-studies-ba,East Asian Studies,BA,36,128,bulletin_knowledge,ELECTIVE-3,East Asian Studies Elective 3,4,major_elective,east_electives,6,EAST-UA 1,,varies,,major
east-asian-studies-ba,East Asian Studies,BA,36,128,bulletin_knowledge,ELECTIVE-4,East Asian Studies Elective 4,4,major_elective,east_electives,6,EAST-UA 1,,varies,,major
east-asian-studies-ba,East Asian Studies,BA,36,128,bulletin_knowledge,ELECTIVE-5,East Asian Studies Elective 5,4,major_elective,east_electives,6,EAST-UA 1,,varies,,major
east-asian-studies-ba,East Asian Studies,BA,36,128,bulletin_knowledge,ELECTIVE-6,East Asian Studies Elective 6,4,major_elective,east_electives,6,EAST-UA 1,,varies,,major
east-asian-studies-ba,East Asian Studies,BA,36,128,bulletin_knowledge,FREE-ELECTIVE-1,Free Elective 1,4,major_elective,,0,,,both,,major
east-asian-studies-ba,East Asian Studies,BA,36,128,bulletin_knowledge,FREE-ELECTIVE-2,Free Elective 2,4,major_elective,,0,,,both,,major
east-asian-studies-ba,East Asian Studies,BA,36,128,bulletin_knowledge,FREE-ELECTIVE-3,Free Elective 3,4,major_elective,,0,,,both,,major
east-asian-studies-ba,East Asian Studies,BA,36,128,bulletin_knowledge,FREE-ELECTIVE-4,Free Elective 4,4,major_elective,,0,,,both,,major
east-asian-studies-ba,East Asian Studies,BA,36,128,bulletin_knowledge,FREE-ELECTIVE-5,Free Elective 5,4,major_elective,,0,,,both,,major
east-asian-studies-ba,East Asian Studies,BA,36,128,bulletin_knowledge,FREE-ELECTIVE-6,Free Elective 6,4,major_elective,,0,,,both,,major
east-asian-studies-ba,East Asian Studies,BA,36,128,bulletin_knowledge,FREE-ELECTIVE-7,Free Elective 7,4,major_elective,,0,,,both,,major
east-asian-studies-ba,East Asian Studies,BA,36,128,bulletin_knowledge,FREE-ELECTIVE-8,Free Elective 8,4,major_elective,,0,,,both,,major
east-asian-studies-ba,East Asian Studies,BA,36,128,bulletin_knowledge,FREE-ELECTIVE-9,Free Elective 9,4,major_elective,,0,,,both,,major
east-asian-studies-ba,East Asian Studies,BA,36,128,bulletin_knowledge,FREE-ELECTIVE-10,Free Elective 10,4,major_elective,,0,,,both,,major
east-asian-studies-ba,East Asian Studies,BA,36,128,bulletin_knowledge,FREE-ELECTIVE-11,Free Elective 11,4,major_elective,,0,,,both,,major
environmental-studies-ba,Environmental Studies,BA,40,128,bulletin_knowledge,FIRST-YEAR-SEMINAR,First-Year Seminar,4,gen_ed,,0,,,fall,College Core Curriculum requirement,major
environmental-studies-ba,Environmental Studies,BA,40,128,bulletin_knowledge,EXPOS-UA 1,Writing as Inquiry,4,gen_ed,,0,,,both,College Core Curriculum requirement,major
environmental-studies-ba,Environmental Studies,BA,40,128,bulletin_knowledge,LANG-LEVEL-1,Foreign Language I,4,gen_ed,,0,,,both,College Core Curriculum requirement,major
environmental-studies-ba,Environmental Studies,BA,40,128,bulletin_knowledge,LANG-LEVEL-2,Foreign Language II,4,gen_ed,,0,,,both,College Core Curriculum requirement,major
environmental-studies-ba,Environmental Studies,BA,40,128,bulletin_knowledge,LANG-LEVEL-3,Foreign Language III,4,gen_ed,,0,,,both,College Core Curriculum requirement,major
environmental-studies-ba,Environmental Studies,BA,40,128,bulletin_knowledge,LANG-LEVEL-4,Foreign Language IV (Intermediate),4,gen_ed,,0,,,both,College Core Curriculum requirement,major
environmental-studies-ba,Environmental Studies,BA,40,128,bulletin_knowledge,CORE-TEXTS,Texts and Ideas,4,gen_ed,,0,,,both,College Core Curriculum requirement,major
environmental-studies-ba,Environmental Studies,BA,40,128,bulletin_knowledge,CORE-CULTURES,Cultures and Contexts,4,gen_ed,,0,,,both,College Core Curriculum requirement,major
environmental-studies-ba,Environmental Studies,BA,40,128,bulletin_knowledge,CORE-EXPRESSIVE,Expressive Culture,4,gen_ed,,0,,,both,College Core Curriculum requirement,major
environmental-studies-ba,Environmental Studies,BA,40,128,bulletin_knowledge,CORE-PHYSICAL-SCI,Physical Science,4,gen_ed,,0,,,both,College Core Curriculum requirement,major
environmental-studies-ba,Environmental Studies,BA,40,128,bulletin_knowledge,CORE-LIFE-SCI,Life Science,4,gen_ed,,0,,,both,College Core Curriculum requirement,major
environmental-studies-ba,Environmental Studies,BA,40,128,bulletin_knowledge,ENVST-UA 100,Foundations of Environmental Studies,4,core_required,,0,,,both,,major
environmental-studies-ba,Environmental Studies,BA,40,128,bulletin_knowledge,ENVST-UA 200,Environmental Science,4,core_required,,0,ENVST-UA 100,,both,,major
environmental-studies-ba,Environmental Studies,BA,40,128,bulletin_knowledge,ENVST-UA 300,Environmental Policy,4,core_required,,0,ENVST-UA 100,,both,,major
environmental-studies-ba,Environmental Studies,BA,40,128,bulletin_knowledge,ENVST-UA 400,Environmental Research Methods,4,core_required,,0,ENVST-UA 100,,both,,major
environmental-studies-ba,Environmental Studies,BA,40,128,bulletin_knowledge,ENVST-UA 900,Senior Thesis,4,core_required,,0,ENVST-UA 400,,varies,,major
environmental-studies-ba,Environmental Studies,BA,40,128,bulletin_knowledge,ELECTIVE-1,Environmental Studies Elective 1,4,major_elective,envst_electives,4,ENVST-UA 100,,varies,,major
environmental-studies-ba,Environmental Studies,BA,40,128,bulletin_knowledge,ELECTIVE-2,Environmental Studies Elective 2,4,major_elective,envst_electives,4,ENVST-UA 100,,varies,,major
environmental-studies-ba,Environmental Studies,BA,40,128,bulletin_knowledge,ELECTIVE-3,Environmental Studies Elective 3,4,major_elective,envst_electives,4,ENVST-UA 100,,varies,,major
environmental-studies-ba,Environmental Studies,BA,40,128,bulletin_knowledge,ELECTIVE-4,Environmental Studies Elective 4,4,major_elective,envst_electives,4,ENVST-UA 100,,varies,,major
environmental-studies-ba,Environmental Studies,BA,40,128,bulletin_knowledge,FREE-ELECTIVE-1,Free Elective 1,4,major_elective,,0,,,both,,major
environmental-studies-ba,Environmental Studies,BA,40,128,bulletin_knowledge,FREE-ELECTIVE-2,Free Elective 2,4,major_elective,,0,,,both,,major
environmental-studies-ba,Environmental Studies,BA,40,128,bulletin_knowledge,FREE-ELECTIVE-3,Free Elective 3,4,major_elective,,0,,,both,,major
environmental-studies-ba,Environmental Studies,BA,40,128,bulletin_knowledge,FREE-ELECTIVE-4,Free Elective 4,4,major_elective,,0,,,both,,major
environmental-studies-ba,Environmental Studies,BA,40,128,bulletin_knowledge,FREE-ELECTIVE-5,Free Elective 5,4,major_elective,,0,,,both,,major
environmental-studies-ba,Environmental Studies,BA,40,128,bulletin_knowledge,FREE-ELECTIVE-6,Free Elective 6,4,major_elective,,0,,,both,,major
environmental-studies-ba,Environmental Studies,BA,40,128,bulletin_knowledge,FREE-ELECTIVE-7,Free Elective 7,4,major_elective,,0,,,both,,major
environmental-studies-ba,Environmental Studies,BA,40,128,bulletin_knowledge,FREE-ELECTIVE-8,Free Elective 8,4,major_elective,,0,,,both,,major
environmental-studies-ba,Environmental Studies,BA,40,128,bulletin_knowledge,FREE-ELECTIVE-9,Free Elective 9,4,major_elective,,0,,,both,,major
environmental-studies-ba,Environmental Studies,BA,40,128,bulletin_knowledge,FREE-ELECTIVE-10,Free Elective 10,4,major_elective,,0,,,both,,major
environmental-studies-ba,Environmental Studies,BA,40,128,bulletin_knowledge,FREE-ELECTIVE-11,Free Elective 11,4,major_elective,,0,,,both,,major
european-mediterranean-studies-ba,European and Mediterranean Studies,BA,36,128,bulletin_knowledge,FIRST-YEAR-SEMINAR,First-Year Seminar,4,gen_ed,,0,,,fall,College Core Curriculum requirement,major
european-mediterranean-studies-ba,European and Mediterranean Studies,BA,36,128,bulletin_knowledge,EXPOS-UA 1,Writing as Inquiry,4,gen_ed,,0,,,both,College Core Curriculum requirement,major
european-mediterranean-studies-ba,European and Mediterranean Studies,BA,36,128,bulletin_knowledge,LANG-LEVEL-1,Foreign Language I,4,gen_ed,,0,,,both,College Core Curriculum requirement,major
european-mediterranean-studies-ba,European and Mediterranean Studies,BA,36,128,bulletin_knowledge,LANG-LEVEL-2,Foreign Language II,4,gen_ed,,0,,,both,College Core Curriculum requirement,major
european-mediterranean-studies-ba,European and Mediterranean Studies,BA,36,128,bulletin_knowledge,LANG-LEVEL-3,Foreign Language III,4,gen_ed,,0,,,both,College Core Curriculum requirement,major
european-mediterranean-studies-ba,European and Mediterranean Studies,BA,36,128,bulletin_knowledge,LANG-LEVEL-4,Foreign Language IV (Intermediate),4,gen_ed,,0,,,both,College Core Curriculum requirement,major
european-mediterranean-studies-ba,European and Mediterranean Studies,BA,36,128,bulletin_knowledge,CORE-TEXTS,Texts and Ideas,4,gen_ed,,0,,,both,College Core Curriculum requirement,major
european-mediterranean-studies-ba,European and Mediterranean Studies,BA,36,128,bulletin_knowledge,CORE-CULTURES,Cultures and Contexts,4,gen_ed,,0,,,both,College Core Curriculum requirement,major
european-mediterranean-studies-ba,European and Mediterranean Studies,BA,36,128,bulletin_knowledge,CORE-EXPRESSIVE,Expressive Culture,4,gen_ed,,0,,,both,College Core Curriculum requirement,major
european-mediterranean-studies-ba,European and Mediterranean Studies,BA,36,128,bulletin_knowledge,CORE-PHYSICAL-SCI,Physical Science,4,gen_ed,,0,,,both,College Core Curriculum requirement,major
european-mediterranean-studies-ba,European and Mediterranean Studies,BA,36,128,bulletin_knowledge,CORE-LIFE-SCI,Life Science,4,gen_ed,,0,,,both,College Core Curriculum requirement,major
european-mediterranean-studies-ba,European and Mediterranean Studies,BA,36,128,bulletin_knowledge,EURO-UA 1,Introduction to European Studies,4,core_required,,0,,,both,,major
european-mediterranean-studies-ba,European and Mediterranean Studies,BA,36,128,bulletin_knowledge,EURO-UA 900,Senior Seminar,4,core_required,,0,EURO-UA 1,,varies,,major
european-mediterranean-studies-ba,European and Mediterranean Studies,BA,36,128,bulletin_knowledge,ELECTIVE-1,European and Mediterranean Studies Elective 1,4,major_elective,euro_electives,5,EURO-UA 1,,varies,,major
european-mediterranean-studies-ba,European and Mediterranean Studies,BA,36,128,bulletin_knowledge,ELECTIVE-2,European and Mediterranean Studies Elective 2,4,major_elective,euro_electives,5,EURO-UA 1,,varies,,major
european-mediterranean-studies-ba,European and Mediterranean Studies,BA,36,128,bulletin_knowledge,ELECTIVE-3,European and Mediterranean Studies Elective 3,4,major_elective,euro_electives,5,EURO-UA 1,,varies,,major
european-mediterranean-studies-ba,European and Mediterranean Studies,BA,36,128,bulletin_knowledge,ELECTIVE-4,European and Mediterranean Studies Elective 4,4,major_elective,euro_electives,5,EURO-UA 1,,varies,,major
european-mediterranean-studies-ba,European and Mediterranean Studies,BA,36,128,bulletin_knowledge,ELECTIVE-5,European and Mediterranean Studies Elective 5,4,major_elective,euro_electives,5,EURO-UA 1,,varies,,major
european-mediterranean-studies-ba,European and Mediterranean Studies,BA,36,128,bulletin_knowledge,FREE-ELECTIVE-1,Free Elective 1,4,major_elective,,0,,,both,,major
european-mediterranean-studies-ba,European and Mediterranean Studies,BA,36,128,bulletin_knowledge,FREE-ELECTIVE-2,Free Elective 2,4,major_elective,,0,,,both,,major
european-mediterranean-studies-ba,European and Mediterranean Studies,BA,36,128,bulletin_knowledge,FREE-ELECTIVE-3,Free Elective 3,4,major_elective,,0,,,both,,major
european-mediterranean-studies-ba,European and Mediterranean Studies,BA,36,128,bulletin_knowledge,FREE-ELECTIVE-4,Free Elective 4,4,major_elective,,0,,,both,,major
european-mediterranean-studies-ba,European and Mediterranean Studies,BA,36,128,bulletin_knowledge,FREE-ELECTIVE-5,Free Elective 5,4,major_elective,,0,,,both,,major
european-mediterranean-studies-ba,European and Mediterranean Studies,BA,36,128,bulletin_knowledge,FREE-ELECTIVE-6,Free Elective 6,4,major_elective,,0,,,both,,major
european-mediterranean-studies-ba,European and Mediterranean Studies,BA,36,128,bulletin_knowledge,FREE-ELECTIVE-7,Free Elective 7,4,major_elective,,0,,,both,,major
european-mediterranean-studies-ba,European and Mediterranean Studies,BA,36,128,bulletin_knowledge,FREE-ELECTIVE-8,Free Elective 8,4,major_elective,,0,,,both,,major
european-mediterranean-studies-ba,European and Mediterranean Studies,BA,36,128,bulletin_knowledge,FREE-ELECTIVE-9,Free Elective 9,4,major_elective,,0,,,both,,major
european-mediterranean-studies-ba,European and Mediterranean Studies,BA,36,128,bulletin_knowledge,FREE-ELECTIVE-10,Free Elective 10,4,major_elective,,0,,,both,,major
european-mediterranean-studies-ba,European and Mediterranean Studies,BA,36,128,bulletin_knowledge,FREE-ELECTIVE-11,Free Elective 11,4,major_elective,,0,,,both,,major
french-ba,French,BA,36,128,bulletin_knowledge,FIRST-YEAR-SEMINAR,First-Year Seminar,4,gen_ed,,0,,,fall,College Core Curriculum requirement,major
french-ba,French,BA,36,128,bulletin_knowledge,EXPOS-UA 1,Writing as Inquiry,4,gen_ed,,0,,,both,College Core Curriculum requirement,major
french-ba,French,BA,36,128,bulletin_knowledge,LANG-LEVEL-1,Foreign Language I,4,gen_ed,,0,,,both,College Core Curriculum requirement,major
french-ba,French,BA,36,128,bulletin_knowledge,LANG-LEVEL-2,Foreign Language II,4,gen_ed,,0,,,both,College Core Curriculum requirement,major
french-ba,French,BA,36,128,bulletin_knowledge,LANG-LEVEL-3,Foreign Language III,4,gen_ed,,0,,,both,College Core Curriculum requirement,major
french-ba,French,BA,36,128,bulletin_knowledge,LANG-LEVEL-4,Foreign Language IV (Intermediate),4,gen_ed,,0,,,both,College Core Curriculum requirement,major
french-ba,French,BA,36,128,bulletin_knowledge,CORE-TEXTS,Texts and Ideas,4,gen_ed,,0,,,both,College Core Curriculum requirement,major
french-ba,French,BA,36,128,bulletin_knowledge,CORE-CULTURES,Cultures and Contexts,4,gen_ed,,0,,,both,College Core Curriculum requirement,major
french-ba,French,BA,36,128,bulletin_knowledge,CORE-EXPRESSIVE,Expressive Culture,4,gen_ed,,0,,,both,College Core Curriculum requirement,major
french-ba,French,BA,36,128,bulletin_knowledge,CORE-PHYSICAL-SCI,Physical Science,4,gen_ed,,0,,,both,College Core Curriculum requirement,major
french-ba,French,BA,36,128,bulletin_knowledge,CORE-LIFE-SCI,Life Science,4,gen_ed,,0,,,both,College Core Curriculum requirement,major
french-ba,French,BA,36,128,bulletin_knowledge,FREN-UA 101,Intermediate French I,4,core_required,,0,,,both,,major
french-ba,French,BA,36,128,bulletin_knowledge,FREN-UA 102,Intermediate French II,4,core_required,,0,FREN-UA 101,,both,,major
french-ba,French,BA,36,128,bulletin_knowledge,FREN-UA 200,Introduction to French Literature,4,core_required,,0,FREN-UA 102,,both,,major
french-ba,French,BA,36,128,bulletin_knowledge,FREN-UA 900,Senior Seminar in French,4,core_required,,0,FREN-UA 200,,varies,,major
french-ba,French,BA,36,128,bulletin_knowledge,ELECTIVE-1,French Elective 1,4,major_elective,fren_electives,4,FREN-UA 200,,varies,,major
french-ba,French,BA,36,128,bulletin_knowledge,ELECTIVE-2,French Elective 2,4,major_elective,fren_electives,4,FREN-UA 200,,varies,,major
french-ba,French,BA,36,128,bulletin_knowledge,ELECTIVE-3,French Elective 3,4,major_elective,fren_electives,4,FREN-UA 200,,varies,,major
french-ba,French,BA,36,128,bulletin_knowledge,ELECTIVE-4,French Elective 4,4,major_elective,fren_electives,4,FREN-UA 200,,varies,,major
french-ba,French,BA,36,128,bulletin_knowledge,FREE-ELECTIVE-1,Free Elective 1,4,major_elective,,0,,,both,,major
french-ba,French,BA,36,128,bulletin_knowledge,FREE-ELECTIVE-2,Free Elective 2,4,major_elective,,0,,,both,,major
french-ba,French,BA,36,128,bulletin_knowledge,FREE-ELECTIVE-3,Free Elective 3,4,major_elective,,0,,,both,,major
french-ba,French,BA,36,128,bulletin_knowledge,FREE-ELECTIVE-4,Free Elective 4,4,major_elective,,0,,,both,,major
french-ba,French,BA,36,128,bulletin_knowledge,FREE-ELECTIVE-5,Free Elective 5,4,major_elective,,0,,,both,,major
french-ba,French,BA,36,128,bulletin_knowledge,FREE-ELECTIVE-6,Free Elective 6,4,major_elective,,0,,,both,,major
french-ba,French,BA,36,128,bulletin_knowledge,FREE-ELECTIVE-7,Free Elective 7,4,major_elective,,0,,,both,,major
french-ba,French,BA,36,128,bulletin_knowledge,FREE-ELECTIVE-8,Free Elective 8,4,major_elective,,0,,,both,,major
french-ba,French,BA,36,128,bulletin_knowledge,FREE-ELECTIVE-9,Free Elective 9,4,major_elective,,0,,,both,,major
french-ba,French,BA,36,128,bulletin_knowledge,FREE-ELECTIVE-10,Free Elective 10,4,major_elective,,0,,,both,,major
french-ba,French,BA,36,128,bulletin_knowledge,FREE-ELECTIVE-11,Free Elective 11,4,major_elective,,0,,,both,,major
gender-sexuality-studies-ba,Gender and Sexuality Studies,BA,36,128,bulletin_knowledge,FIRST-YEAR-SEMINAR,First-Year Seminar,4,gen_ed,,0,,,fall,College Core Curriculum requirement,major
gender-sexuality-studies-ba,Gender and Sexuality Studies,BA,36,128,bulletin_knowledge,EXPOS-UA 1,Writing as Inquiry,4,gen_ed,,0,,,both,College Core Curriculum requirement,major
gender-sexuality-studies-ba,Gender and Sexuality Studies,BA,36,128,bulletin_knowledge,LANG-LEVEL-1,Foreign Language I,4,gen_ed,,0,,,both,College Core Curriculum requirement,major
gender-sexuality-studies-ba,Gender and Sexuality Studies,BA,36,128,bulletin_knowledge,LANG-LEVEL-2,Foreign Language II,4,gen_ed,,0,,,both,College Core Curriculum requirement,major
gender-sexuality-studies-ba,Gender and Sexuality Studies,BA,36,128,bulletin_knowledge,LANG-LEVEL-3,Foreign Language III,4,gen_ed,,0,,,both,College Core Curriculum requirement,major
gender-sexuality-studies-ba,Gender and Sexuality Studies,BA,36,128,bulletin_knowledge,LANG-LEVEL-4,Foreign Language IV (Intermediate),4,gen_ed,,0,,,both,College Core Curriculum requirement,major
gender-sexuality-studies-ba,Gender and Sexuality Studies,BA,36,128,bulletin_knowledge,CORE-TEXTS,Texts and Ideas,4,gen_ed,,0,,,both,College Core Curriculum requirement,major
gender-sexuality-studies-ba,Gender and Sexuality Studies,BA,36,128,bulletin_knowledge,CORE-CULTURES,Cultures and Contexts,4,gen_ed,,0,,,both,College Core Curriculum requirement,major
gender-sexuality-studies-ba,Gender and Sexuality Studies,BA,36,128,bulletin_knowledge,CORE-EXPRESSIVE,Expressive Culture,4,gen_ed,,0,,,both,College Core Curriculum requirement,major
gender-sexuality-studies-ba,Gender and Sexuality Studies,BA,36,128,bulletin_knowledge,CORE-PHYSICAL-SCI,Physical Science,4,gen_ed,,0,,,both,College Core Curriculum requirement,major
gender-sexuality-studies-ba,Gender and Sexuality Studies,BA,36,128,bulletin_knowledge,CORE-LIFE-SCI,Life Science,4,gen_ed,,0,,,both,College Core Curriculum requirement,major
gender-sexuality-studies-ba,Gender and Sexuality Studies,BA,36,128,bulletin_knowledge,GSS-UA 1,Introduction to Gender and Sexuality Studies,4,core_required,,0,,,both,,major
gender-sexuality-studies-ba,Gender and Sexuality Studies,BA,36,128,bulletin_knowledge,GSS-UA 200,Methods and Theory,4,core_required,,0,GSS-UA 1,,both,,major
gender-sexuality-studies-ba,Gender and Sexuality Studies,BA,36,128,bulletin_knowledge,GSS-UA 900,Senior Seminar,4,core_required,,0,GSS-UA 200,,varies,,major
gender-sexuality-studies-ba,Gender and Sexuality Studies,BA,36,128,bulletin_knowledge,ELECTIVE-1,Gender and Sexuality Studies Elective 1,4,major_elective,gss_electives,4,GSS-UA 1,,varies,,major
gender-sexuality-studies-ba,Gender and Sexuality Studies,BA,36,128,bulletin_knowledge,ELECTIVE-2,Gender and Sexuality Studies Elective 2,4,major_elective,gss_electives,4,GSS-UA 1,,varies,,major
gender-sexuality-studies-ba,Gender and Sexuality Studies,BA,36,128,bulletin_knowledge,ELECTIVE-3,Gender and Sexuality Studies Elective 3,4,major_elective,gss_electives,4,GSS-UA 1,,varies,,major
gender-sexuality-studies-ba,Gender and Sexuality Studies,BA,36,128,bulletin_knowledge,ELECTIVE-4,Gender and Sexuality Studies Elective 4,4,major_elective,gss_electives,4,GSS-UA 1,,varies,,major
gender-sexuality-studies-ba,Gender and Sexuality Studies,BA,36,128,bulletin_knowledge,FREE-ELECTIVE-1,Free Elective 1,4,major_elective,,0,,,both,,major
gender-sexuality-studies-ba,Gender and Sexuality Studies,BA,36,128,bulletin_knowledge,FREE-ELECTIVE-2,Free Elective 2,4,major_elective,,0,,,both,,major
gender-sexuality-studies-ba,Gender and Sexuality Studies,BA,36,128,bulletin_knowledge,FREE-ELECTIVE-3,Free Elective 3,4,major_elective,,0,,,both,,major
gender-sexuality-studies-ba,Gender and Sexuality Studies,BA,36,128,bulletin_knowledge,FREE-ELECTIVE-4,Free Elective 4,4,major_elective,,0,,,both,,major
gender-sexuality-studies-ba,Gender and Sexuality Studies,BA,36,128,bulletin_knowledge,FREE-ELECTIVE-5,Free Elective 5,4,major_elective,,0,,,both,,major
gender-sexuality-studies-ba,Gender and Sexuality Studies,BA,36,128,bulletin_knowledge,FREE-ELECTIVE-6,Free Elective 6,4,major_elective,,0,,,both,,major
gender-sexuality-studies-ba,Gender and Sexuality Studies,BA,36,128,bulletin_knowledge,FREE-ELECTIVE-7,Free Elective 7,4,major_elective,,0,,,both,,major
gender-sexuality-studies-ba,Gender and Sexuality Studies,BA,36,128,bulletin_knowledge,FREE-ELECTIVE-8,Free Elective 8,4,major_elective,,0,,,both,,major
gender-sexuality-studies-ba,Gender and Sexuality Studies,BA,36,128,bulletin_knowledge,FREE-ELECTIVE-9,Free Elective 9,4,major_elective,,0,,,both,,major
gender-sexuality-studies-ba,Gender and Sexuality Studies,BA,36,128,bulletin_knowledge,FREE-ELECTIVE-10,Free Elective 10,4,major_elective,,0,,,both,,major
gender-sexuality-studies-ba,Gender and Sexuality Studies,BA,36,128,bulletin_knowledge,FREE-ELECTIVE-11,Free Elective 11,4,major_elective,,0,,,both,,major
german-ba,German,BA,36,128,bulletin_knowledge,FIRST-YEAR-SEMINAR,First-Year Seminar,4,gen_ed,,0,,,fall,College Core Curriculum requirement,major
german-ba,German,BA,36,128,bulletin_knowledge,EXPOS-UA 1,Writing as Inquiry,4,gen_ed,,0,,,both,College Core Curriculum requirement,major
german-ba,German,BA,36,128,bulletin_knowledge,LANG-LEVEL-1,Foreign Language I,4,gen_ed,,0,,,both,College Core Curriculum requirement,major
german-ba,German,BA,36,128,bulletin_knowledge,LANG-LEVEL-2,Foreign Language II,4,gen_ed,,0,,,both,College Core Curriculum requirement,major
german-ba,German,BA,36,128,bulletin_knowledge,LANG-LEVEL-3,Foreign Language III,4,gen_ed,,0,,,both,College Core Curriculum requirement,major
german-ba,German,BA,36,128,bulletin_knowledge,LANG-LEVEL-4,Foreign Language IV (Intermediate),4,gen_ed,,0,,,both,College Core Curriculum requirement,major
german-ba,German,BA,36,128,bulletin_knowledge,CORE-TEXTS,Texts and Ideas,4,gen_ed,,0,,,both,College Core Curriculum requirement,major
german-ba,German,BA,36,128,bulletin_knowledge,CORE-CULTURES,Cultures and Contexts,4,gen_ed,,0,,,both,College Core Curriculum requirement,major
german-ba,German,BA,36,128,bulletin_knowledge,CORE-EXPRESSIVE,Expressive Culture,4,gen_ed,,0,,,both,College Core Curriculum requirement,major
german-ba,German,BA,36,128,bulletin_knowledge,CORE-PHYSICAL-SCI,Physical Science,4,gen_ed,,0,,,both,College Core Curriculum requirement,major
german-ba,German,BA,36,128,bulletin_knowledge,CORE-LIFE-SCI,Life Science,4,gen_ed,,0,,,both,College Core Curriculum requirement,major
german-ba,German,BA,36,128,bulletin_knowledge,GERM-UA 101,Intermediate German I,4,core_required,,0,,,both,,major
german-ba,German,BA,36,128,bulletin_knowledge,GERM-UA 102,Intermediate German II,4,core_required,,0,GERM-UA 101,,both,,major
german-ba,German,BA,36,128,bulletin_knowledge,GERM-UA 200,Introduction to German Literature,4,core_required,,0,GERM-UA 102,,both,,major
german-ba,German,BA,36,128,bulletin_knowledge,GERM-UA 900,Senior Seminar,4,core_required,,0,GERM-UA 200,,varies,,major
german-ba,German,BA,36,128,bulletin_knowledge,ELECTIVE-1,German Elective 1,4,major_elective,germ_electives,4,GERM-UA 200,,varies,,major
german-ba,German,BA,36,128,bulletin_knowledge,ELECTIVE-2,German Elective 2,4,major_elective,germ_electives,4,GERM-UA 200,,varies,,major
german-ba,German,BA,36,128,bulletin_knowledge,ELECTIVE-3,German Elective 3,4,major_elective,germ_electives,4,GERM-UA 200,,varies,,major
german-ba,German,BA,36,128,bulletin_knowledge,ELECTIVE-4,German Elective 4,4,major_elective,germ_electives,4,GERM-UA 200,,varies,,major
german-ba,German,BA,36,128,bulletin_knowledge,FREE-ELECTIVE-1,Free Elective 1,4,major_elective,,0,,,both,,major
german-ba,German,BA,36,128,bulletin_knowledge,FREE-ELECTIVE-2,Free Elective 2,4,major_elective,,0,,,both,,major
german-ba,German,BA,36,128,bulletin_knowledge,FREE-ELECTIVE-3,Free Elective 3,4,major_elective,,0,,,both,,major
german-ba,German,BA,36,128,bulletin_knowledge,FREE-ELECTIVE-4,Free Elective 4,4,major_elective,,0,,,both,,major
german-ba,German,BA,36,128,bulletin_knowledge,FREE-ELECTIVE-5,Free Elective 5,4,major_elective,,0,,,both,,major
german-ba,German,BA,36,128,bulletin_knowledge,FREE-ELECTIVE-6,Free Elective 6,4,major_elective,,0,,,both,,major
german-ba,German,BA,36,128,bulletin_knowledge,FREE-ELECTIVE-7,Free Elective 7,4,major_elective,,0,,,both,,major
german-ba,German,BA,36,128,bulletin_knowledge,FREE-ELECTIVE-8,Free Elective 8,4,major_elective,,0,,,both,,major
german-ba,German,BA,36,128,bulletin_knowledge,FREE-ELECTIVE-9,Free Elective 9,4,major_elective,,0,,,both,,major
german-ba,German,BA,36,128,bulletin_knowledge,FREE-ELECTIVE-10,Free Elective 10,4,major_elective,,0,,,both,,major
german-ba,German,BA,36,128,bulletin_knowledge,FREE-ELECTIVE-11,Free Elective 11,4,major_elective,,0,,,both,,major
hebrew-judaic-studies-ba,Hebrew and Judaic Studies,BA,36,128,bulletin_knowledge,FIRST-YEAR-SEMINAR,First-Year Seminar,4,gen_ed,,0,,,fall,College Core Curriculum requirement,major
hebrew-judaic-studies-ba,Hebrew and Judaic Studies,BA,36,128,bulletin_knowledge,EXPOS-UA 1,Writing as Inquiry,4,gen_ed,,0,,,both,College Core Curriculum requirement,major
hebrew-judaic-studies-ba,Hebrew and Judaic Studies,BA,36,128,bulletin_knowledge,LANG-LEVEL-1,Foreign Language I,4,gen_ed,,0,,,both,College Core Curriculum requirement,major
hebrew-judaic-studies-ba,Hebrew and Judaic Studies,BA,36,128,bulletin_knowledge,LANG-LEVEL-2,Foreign Language II,4,gen_ed,,0,,,both,College Core Curriculum requirement,major
hebrew-judaic-studies-ba,Hebrew and Judaic Studies,BA,36,128,bulletin_knowledge,LANG-LEVEL-3,Foreign Language III,4,gen_ed,,0,,,both,College Core Curriculum requirement,major
hebrew-judaic-studies-ba,Hebrew and Judaic Studies,BA,36,128,bulletin_knowledge,LANG-LEVEL-4,Foreign Language IV (Intermediate),4,gen_ed,,0,,,both,College Core Curriculum requirement,major
hebrew-judaic-studies-ba,Hebrew and Judaic Studies,BA,36,128,bulletin_knowledge,CORE-TEXTS,Texts and Ideas,4,gen_ed,,0,,,both,College Core Curriculum requirement,major
hebrew-judaic-studies-ba,Hebrew and Judaic Studies,BA,36,128,bulletin_knowledge,CORE-CULTURES,Cultures and Contexts,4,gen_ed,,0,,,both,College Core Curriculum requirement,major
hebrew-judaic-studies-ba,Hebrew and Judaic Studies,BA,36,128,bulletin_knowledge,CORE-EXPRESSIVE,Expressive Culture,4,gen_ed,,0,,,both,College Core Curriculum requirement,major
hebrew-judaic-studies-ba,Hebrew and Judaic Studies,BA,36,128,bulletin_knowledge,CORE-PHYSICAL-SCI,Physical Science,4,gen_ed,,0,,,both,College Core Curriculum requirement,major
hebrew-judaic-studies-ba,Hebrew and Judaic Studies,BA,36,128,bulletin_knowledge,CORE-LIFE-SCI,Life Science,4,gen_ed,,0,,,both,College Core Curriculum requirement,major
hebrew-judaic-studies-ba,Hebrew and Judaic Studies,BA,36,128,bulletin_knowledge,HEB-UA 1,Elementary Hebrew I,4,core_required,,0,,,fall,,major
hebrew-judaic-studies-ba,Hebrew and Judaic Studies,BA,36,128,bulletin_knowledge,HEB-UA 2,Elementary Hebrew II,4,core_required,,0,HEB-UA 1,,spring,,major
hebrew-judaic-studies-ba,Hebrew and Judaic Studies,BA,36,128,bulletin_knowledge,JUDST-UA 100,Introduction to Jewish Studies,4,core_required,,0,,,both,,major
hebrew-judaic-studies-ba,Hebrew and Judaic Studies,BA,36,128,bulletin_knowledge,JUDST-UA 900,Senior Seminar,4,core_required,,0,JUDST-UA 100,,varies,,major
hebrew-judaic-studies-ba,Hebrew and Judaic Studies,BA,36,128,bulletin_knowledge,ELECTIVE-1,Hebrew and Judaic Studies Elective 1,4,major_elective,hebr_electives,4,JUDST-UA 100,,varies,,major
hebrew-judaic-studies-ba,Hebrew and Judaic Studies,BA,36,128,bulletin_knowledge,ELECTIVE-2,Hebrew and Judaic Studies Elective 2,4,major_elective,hebr_electives,4,JUDST-UA 100,,varies,,major
hebrew-judaic-studies-ba,Hebrew and Judaic Studies,BA,36,128,bulletin_knowledge,ELECTIVE-3,Hebrew and Judaic Studies Elective 3,4,major_elective,hebr_electives,4,JUDST-UA 100,,varies,,major
hebrew-judaic-studies-ba,Hebrew and Judaic Studies,BA,36,128,bulletin_knowledge,ELECTIVE-4,Hebrew and Judaic Studies Elective 4,4,major_elective,hebr_electives,4,JUDST-UA 100,,varies,,major
hebrew-judaic-studies-ba,Hebrew and Judaic Studies,BA,36,128,bulletin_knowledge,FREE-ELECTIVE-1,Free Elective 1,4,major_elective,,0,,,both,,major
hebrew-judaic-studies-ba,Hebrew and Judaic Studies,BA,36,128,bulletin_knowledge,FREE-ELECTIVE-2,Free Elective 2,4,major_elective,,0,,,both,,major
hebrew-judaic-studies-ba,Hebrew and Judaic Studies,BA,36,128,bulletin_knowledge,FREE-ELECTIVE-3,Free Elective 3,4,major_elective,,0,,,both,,major
hebrew-judaic-studies-ba,Hebrew and Judaic Studies,BA,36,128,bulletin_knowledge,FREE-ELECTIVE-4,Free Elective 4,4,major_elective,,0,,,both,,major
hebrew-judaic-studies-ba,Hebrew and Judaic Studies,BA,36,128,bulletin_knowledge,FREE-ELECTIVE-5,Free Elective 5,4,major_elective,,0,,,both,,major
hebrew-judaic-studies-ba,Hebrew and Judaic Studies,BA,36,128,bulletin_knowledge,FREE-ELECTIVE-6,Free Elective 6,4,major_elective,,0,,,both,,major
hebrew-judaic-studies-ba,Hebrew and Judaic Studies,BA,36,128,bulletin_knowledge,FREE-ELECTIVE-7,Free Elective 7,4,major_elective,,0,,,both,,major
hebrew-judaic-studies-ba,Hebrew and Judaic Studies,BA,36,128,bulletin_knowledge,FREE-ELECTIVE-8,Free Elective 8,4,major_elective,,0,,,both,,major
hebrew-judaic-studies-ba,Hebrew and Judaic Studies,BA,36,128,bulletin_knowledge,FREE-ELECTIVE-9,Free Elective 9,4,major_elective,,0,,,both,,major
hebrew-judaic-studies-ba,Hebrew and Judaic Studies,BA,36,128,bulletin_knowledge,FREE-ELECTIVE-10,Free Elective 10,4,major_elective,,0,,,both,,major
hebrew-judaic-studies-ba,Hebrew and Judaic Studies,BA,36,128,bulletin_knowledge,FREE-ELECTIVE-11,Free Elective 11,4,major_elective,,0,,,both,,major
italian-ba,Italian,BA,36,128,bulletin_knowledge,FIRST-YEAR-SEMINAR,First-Year Seminar,4,gen_ed,,0,,,fall,College Core Curriculum requirement,major
italian-ba,Italian,BA,36,128,bulletin_knowledge,EXPOS-UA 1,Writing as Inquiry,4,gen_ed,,0,,,both,College Core Curriculum requirement,major
italian-ba,Italian,BA,36,128,bulletin_knowledge,LANG-LEVEL-1,Foreign Language I,4,gen_ed,,0,,,both,College Core Curriculum requirement,major
italian-ba,Italian,BA,36,128,bulletin_knowledge,LANG-LEVEL-2,Foreign Language II,4,gen_ed,,0,,,both,College Core Curriculum requirement,major
italian-ba,Italian,BA,36,128,bulletin_knowledge,LANG-LEVEL-3,Foreign Language III,4,gen_ed,,0,,,both,College Core Curriculum requirement,major
italian-ba,Italian,BA,36,128,bulletin_knowledge,LANG-LEVEL-4,Foreign Language IV (Intermediate),4,gen_ed,,0,,,both,College Core Curriculum requirement,major
italian-ba,Italian,BA,36,128,bulletin_knowledge,CORE-TEXTS,Texts and Ideas,4,gen_ed,,0,,,both,College Core Curriculum requirement,major
italian-ba,Italian,BA,36,128,bulletin_knowledge,CORE-CULTURES,Cultures and Contexts,4,gen_ed,,0,,,both,College Core Curriculum requirement,major
italian-ba,Italian,BA,36,128,bulletin_knowledge,CORE-EXPRESSIVE,Expressive Culture,4,gen_ed,,0,,,both,College Core Curriculum requirement,major
italian-ba,Italian,BA,36,128,bulletin_knowledge,CORE-PHYSICAL-SCI,Physical Science,4,gen_ed,,0,,,both,College Core Curriculum requirement,major
italian-ba,Italian,BA,36,128,bulletin_knowledge,CORE-LIFE-SCI,Life Science,4,gen_ed,,0,,,both,College Core Curriculum requirement,major
italian-ba,Italian,BA,36,128,bulletin_knowledge,ITAL-UA 101,Intermediate Italian I,4,core_required,,0,,,both,,major
italian-ba,Italian,BA,36,128,bulletin_knowledge,ITAL-UA 102,Intermediate Italian II,4,core_required,,0,ITAL-UA 101,,both,,major
italian-ba,Italian,BA,36,128,bulletin_knowledge,ITAL-UA 200,Introduction to Italian Literature,4,core_required,,0,ITAL-UA 102,,both,,major
italian-ba,Italian,BA,36,128,bulletin_knowledge,ITAL-UA 900,Senior Seminar,4,core_required,,0,ITAL-UA 200,,varies,,major
italian-ba,Italian,BA,36,128,bulletin_knowledge,ELECTIVE-1,Italian Elective 1,4,major_elective,ital_electives,4,ITAL-UA 200,,varies,,major
italian-ba,Italian,BA,36,128,bulletin_knowledge,ELECTIVE-2,Italian Elective 2,4,major_elective,ital_electives,4,ITAL-UA 200,,varies,,major
italian-ba,Italian,BA,36,128,bulletin_knowledge,ELECTIVE-3,Italian Elective 3,4,major_elective,ital_electives,4,ITAL-UA 200,,varies,,major
italian-ba,Italian,BA,36,128,bulletin_knowledge,ELECTIVE-4,Italian Elective 4,4,major_elective,ital_electives,4,ITAL-UA 200,,varies,,major
italian-ba,Italian,BA,36,128,bulletin_knowledge,FREE-ELECTIVE-1,Free Elective 1,4,major_elective,,0,,,both,,major
italian-ba,Italian,BA,36,128,bulletin_knowledge,FREE-ELECTIVE-2,Free Elective 2,4,major_elective,,0,,,both,,major
italian-ba,Italian,BA,36,128,bulletin_knowledge,FREE-ELECTIVE-3,Free Elective 3,4,major_elective,,0,,,both,,major
italian-ba,Italian,BA,36,128,bulletin_knowledge,FREE-ELECTIVE-4,Free Elective 4,4,major_elective,,0,,,both,,major
italian-ba,Italian,BA,36,128,bulletin_knowledge,FREE-ELECTIVE-5,Free Elective 5,4,major_elective,,0,,,both,,major
italian-ba,Italian,BA,36,128,bulletin_knowledge,FREE-ELECTIVE-6,Free Elective 6,4,major_elective,,0,,,both,,major
italian-ba,Italian,BA,36,128,bulletin_knowledge,FREE-ELECTIVE-7,Free Elective 7,4,major_elective,,0,,,both,,major
italian-ba,Italian,BA,36,128,bulletin_knowledge,FREE-ELECTIVE-8,Free Elective 8,4,major_elective,,0,,,both,,major
italian-ba,Italian,BA,36,128,bulletin_knowledge,FREE-ELECTIVE-9,Free Elective 9,4,major_elective,,0,,,both,,major
italian-ba,Italian,BA,36,128,bulletin_knowledge,FREE-ELECTIVE-10,Free Elective 10,4,major_elective,,0,,,both,,major
italian-ba,Italian,BA,36,128,bulletin_knowledge,FREE-ELECTIVE-11,Free Elective 11,4,major_elective,,0,,,both,,major
journalism-ba,Journalism,BA,44,128,bulletin_knowledge,FIRST-YEAR-SEMINAR,First-Year Seminar,4,gen_ed,,0,,,fall,College Core Curriculum requirement,major
journalism-ba,Journalism,BA,44,128,bulletin_knowledge,EXPOS-UA 1,Writing as Inquiry,4,gen_ed,,0,,,both,College Core Curriculum requirement,major
journalism-ba,Journalism,BA,44,128,bulletin_knowledge,LANG-LEVEL-1,Foreign Language I,4,gen_ed,,0,,,both,College Core Curriculum requirement,major
journalism-ba,Journalism,BA,44,128,bulletin_knowledge,LANG-LEVEL-2,Foreign Language II,4,gen_ed,,0,,,both,College Core Curriculum requirement,major
journalism-ba,Journalism,BA,44,128,bulletin_knowledge,LANG-LEVEL-3,Foreign Language III,4,gen_ed,,0,,,both,College Core Curriculum requirement,major
journalism-ba,Journalism,BA,44,128,bulletin_knowledge,LANG-LEVEL-4,Foreign Language IV (Intermediate),4,gen_ed,,0,,,both,College Core Curriculum requirement,major
journalism-ba,Journalism,BA,44,128,bulletin_knowledge,CORE-TEXTS,Texts and Ideas,4,gen_ed,,0,,,both,College Core Curriculum requirement,major
journalism-ba,Journalism,BA,44,128,bulletin_knowledge,CORE-CULTURES,Cultures and Contexts,4,gen_ed,,0,,,both,College Core Curriculum requirement,major
journalism-ba,Journalism,BA,44,128,bulletin_knowledge,CORE-EXPRESSIVE,Expressive Culture,4,gen_ed,,0,,,both,College Core Curriculum requirement,major
journalism-ba,Journalism,BA,44,128,bulletin_knowledge,CORE-PHYSICAL-SCI,Physical Science,4,gen_ed,,0,,,both,College Core Curriculum requirement,major
journalism-ba,Journalism,BA,44,128,bulletin_knowledge,CORE-LIFE-SCI,Life Science,4,gen_ed,,0,,,both,College Core Curriculum requirement,major
journalism-ba,Journalism,BA,44,128,bulletin_knowledge,JOUR-UA 101,Reporting and Writing I,4,core_required,,0,,,both,,major
journalism-ba,Journalism,BA,44,128,bulletin_knowledge,JOUR-UA 102,Reporting and Writing II,4,core_required,,0,JOUR-UA 101,,both,,major
journalism-ba,Journalism,BA,44,128,bulletin_knowledge,JOUR-UA 200,Journalism Ethics and Law,4,core_required,,0,JOUR-UA 101,,both,,major
journalism-ba,Journalism,BA,44,128,bulletin_knowledge,JOUR-UA 300,Multimedia Journalism,4,core_required,,0,JOUR-UA 102,,both,,major
journalism-ba,Journalism,BA,44,128,bulletin_knowledge,JOUR-UA 700,Senior Capstone,4,core_required,,0,JOUR-UA 300,,varies,,major
journalism-ba,Journalism,BA,44,128,bulletin_knowledge,ELECTIVE-1,Journalism Elective 1,4,major_elective,jour_electives,4,JOUR-UA 200,,varies,,major
journalism-ba,Journalism,BA,44,128,bulletin_knowledge,ELECTIVE-2,Journalism Elective 2,4,major_elective,jour_electives,4,JOUR-UA 200,,varies,,major
journalism-ba,Journalism,BA,44,128,bulletin_knowledge,ELECTIVE-3,Journalism Elective 3,4,major_elective,jour_electives,4,JOUR-UA 200,,varies,,major
journalism-ba,Journalism,BA,44,128,bulletin_knowledge,ELECTIVE-4,Journalism Elective 4,4,major_elective,jour_electives,4,JOUR-UA 200,,varies,,major
journalism-ba,Journalism,BA,44,128,bulletin_knowledge,FREE-ELECTIVE-1,Free Elective 1,4,major_elective,,0,,,both,,major
journalism-ba,Journalism,BA,44,128,bulletin_knowledge,FREE-ELECTIVE-2,Free Elective 2,4,major_elective,,0,,,both,,major
journalism-ba,Journalism,BA,44,128,bulletin_knowledge,FREE-ELECTIVE-3,Free Elective 3,4,major_elective,,0,,,both,,major
journalism-ba,Journalism,BA,44,128,bulletin_knowledge,FREE-ELECTIVE-4,Free Elective 4,4,major_elective,,0,,,both,,major
journalism-ba,Journalism,BA,44,128,bulletin_knowledge,FREE-ELECTIVE-5,Free Elective 5,4,major_elective,,0,,,both,,major
journalism-ba,Journalism,BA,44,128,bulletin_knowledge,FREE-ELECTIVE-6,Free Elective 6,4,major_elective,,0,,,both,,major
journalism-ba,Journalism,BA,44,128,bulletin_knowledge,FREE-ELECTIVE-7,Free Elective 7,4,major_elective,,0,,,both,,major
journalism-ba,Journalism,BA,44,128,bulletin_knowledge,FREE-ELECTIVE-8,Free Elective 8,4,major_elective,,0,,,both,,major
journalism-ba,Journalism,BA,44,128,bulletin_knowledge,FREE-ELECTIVE-9,Free Elective 9,4,major_elective,,0,,,both,,major
journalism-ba,Journalism,BA,44,128,bulletin_knowledge,FREE-ELECTIVE-10,Free Elective 10,4,major_elective,,0,,,both,,major
journalism-ba,Journalism,BA,44,128,bulletin_knowledge,FREE-ELECTIVE-11,Free Elective 11,4,major_elective,,0,,,both,,major
latin-american-caribbean-studies-ba,Latin American and Caribbean Studies,BA,36,128,bulletin_knowledge,FIRST-YEAR-SEMINAR,First-Year Seminar,4,gen_ed,,0,,,fall,College Core Curriculum requirement,major
latin-american-caribbean-studies-ba,Latin American and Caribbean Studies,BA,36,128,bulletin_knowledge,EXPOS-UA 1,Writing as Inquiry,4,gen_ed,,0,,,both,College Core Curriculum requirement,major
latin-american-caribbean-studies-ba,Latin American and Caribbean Studies,BA,36,128,bulletin_knowledge,LANG-LEVEL-1,Foreign Language I,4,gen_ed,,0,,,both,College Core Curriculum requirement,major
latin-american-caribbean-studies-ba,Latin American and Caribbean Studies,BA,36,128,bulletin_knowledge,LANG-LEVEL-2,Foreign Language II,4,gen_ed,,0,,,both,College Core Curriculum requirement,major
latin-american-caribbean-studies-ba,Latin American and Caribbean Studies,BA,36,128,bulletin_knowledge,LANG-LEVEL-3,Foreign Language III,4,gen_ed,,0,,,both,College Core Curriculum requirement,major
latin-american-caribbean-studies-ba,Latin American and Caribbean Studies,BA,36,128,bulletin_knowledge,LANG-LEVEL-4,Foreign Language IV (Intermediate),4,gen_ed,,0,,,both,College Core Curriculum requirement,major
latin-american-caribbean-studies-ba,Latin American and Caribbean Studies,BA,36,128,bulletin_knowledge,CORE-TEXTS,Texts and Ideas,4,gen_ed,,0,,,both,College Core Curriculum requirement,major
latin-american-caribbean-studies-ba,Latin American and Caribbean Studies,BA,36,128,bulletin_knowledge,CORE-CULTURES,Cultures and Contexts,4,gen_ed,,0,,,both,College Core Curriculum requirement,major
latin-american-caribbean-studies-ba,Latin American and Caribbean Studies,BA,36,128,bulletin_knowledge,CORE-EXPRESSIVE,Expressive Culture,4,gen_ed,,0,,,both,College Core Curriculum requirement,major
latin-american-caribbean-studies-ba,Latin American and Caribbean Studies,BA,36,128,bulletin_knowledge,CORE-PHYSICAL-SCI,Physical Science,4,gen_ed,,0,,,both,College Core Curriculum requirement,major
latin-american-caribbean-studies-ba,Latin American and Caribbean Studies,BA,36,128,bulletin_knowledge,CORE-LIFE-SCI,Life Science,4,gen_ed,,0,,,both,College Core Curriculum requirement,major
latin-american-caribbean-studies-ba,Latin American and Caribbean Studies,BA,36,128,bulletin_knowledge,LACS-UA 1,Introduction to Latin American and Caribbean Studies,4,core_required,,0,,,both,,major
latin-american-caribbean-studies-ba,Latin American and Caribbean Studies,BA,36,128,bulletin_knowledge,LACS-UA 900,Senior Seminar,4,core_required,,0,LACS-UA 1,,varies,,major
latin-american-caribbean-studies-ba,Latin American and Caribbean Studies,BA,36,128,bulletin_knowledge,ELECTIVE-1,Latin American and Caribbean Studies Elective 1,4,major_elective,lacs_electives,6,LACS-UA 1,,varies,,major
latin-american-caribbean-studies-ba,Latin American and Caribbean Studies,BA,36,128,bulletin_knowledge,ELECTIVE-2,Latin American and Caribbean Studies Elective 2,4,major_elective,lacs_electives,6,LACS-UA 1,,varies,,major
latin-american-caribbean-studies-ba,Latin American and Caribbean Studies,BA,36,128,bulletin_knowledge,ELECTIVE-3,Latin American and Caribbean Studies Elective 3,4,major_elective,lacs_electives,6,LACS-UA 1,,varies,,major
latin-american-caribbean-studies-ba,Latin American and Caribbean Studies,BA,36,128,bulletin_knowledge,ELECTIVE-4,Latin American and Caribbean Studies Elective 4,4,major_elective,lacs_electives,6,LACS-UA 1,,varies,,major
latin-american-caribbean-studies-ba,Latin American and Caribbean Studies,BA,36,128,bulletin_knowledge,ELECTIVE-5,Latin American and Caribbean Studies Elective 5,4,major_elective,lacs_electives,6,LACS-UA 1,,varies,,major
latin-american-caribbean-studies-ba,Latin American and Caribbean Studies,BA,36,128,bulletin_knowledge,ELECTIVE-6,Latin American and Caribbean Studies Elective 6,4,major_elective,lacs_electives,6,LACS-UA 1,,varies,,major
latin-american-caribbean-studies-ba,Latin American and Caribbean Studies,BA,36,128,bulletin_knowledge,FREE-ELECTIVE-1,Free Elective 1,4,major_elective,,0,,,both,,major
latin-american-caribbean-studies-ba,Latin American and Caribbean Studies,BA,36,128,bulletin_knowledge,FREE-ELECTIVE-2,Free Elective 2,4,major_elective,,0,,,both,,major
latin-american-caribbean-studies-ba,Latin American and Caribbean Studies,BA,36,128,bulletin_knowledge,FREE-ELECTIVE-3,Free Elective 3,4,major_elective,,0,,,both,,major
latin-american-caribbean-studies-ba,Latin American and Caribbean Studies,BA,36,128,bulletin_knowledge,FREE-ELECTIVE-4,Free Elective 4,4,major_elective,,0,,,both,,major
latin-american-caribbean-studies-ba,Latin American and Caribbean Studies,BA,36,128,bulletin_knowledge,FREE-ELECTIVE-5,Free Elective 5,4,major_elective,,0,,,both,,major
latin-american-caribbean-studies-ba,Latin American and Caribbean Studies,BA,36,128,bulletin_knowledge,FREE-ELECTIVE-6,Free Elective 6,4,major_elective,,0,,,both,,major
latin-american-caribbean-studies-ba,Latin American and Caribbean Studies,BA,36,128,bulletin_knowledge,FREE-ELECTIVE-7,Free Elective 7,4,major_elective,,0,,,both,,major
latin-american-caribbean-studies-ba,Latin American and Caribbean Studies,BA,36,128,bulletin_knowledge,FREE-ELECTIVE-8,Free Elective 8,4,major_elective,,0,,,both,,major
latin-american-caribbean-studies-ba,Latin American and Caribbean Studies,BA,36,128,bulletin_knowledge,FREE-ELECTIVE-9,Free Elective 9,4,major_elective,,0,,,both,,major
latin-american-caribbean-studies-ba,Latin American and Caribbean Studies,BA,36,128,bulletin_knowledge,FREE-ELECTIVE-10,Free Elective 10,4,major_elective,,0,,,both,,major
latin-american-caribbean-studies-ba,Latin American and Caribbean Studies,BA,36,128,bulletin_knowledge,FREE-ELECTIVE-11,Free Elective 11,4,major_elective,,0,,,both,,major
latino-studies-ba,Latino Studies,BA,36,128,bulletin_knowledge,FIRST-YEAR-SEMINAR,First-Year Seminar,4,gen_ed,,0,,,fall,College Core Curriculum requirement,major
latino-studies-ba,Latino Studies,BA,36,128,bulletin_knowledge,EXPOS-UA 1,Writing as Inquiry,4,gen_ed,,0,,,both,College Core Curriculum requirement,major
latino-studies-ba,Latino Studies,BA,36,128,bulletin_knowledge,LANG-LEVEL-1,Foreign Language I,4,gen_ed,,0,,,both,College Core Curriculum requirement,major
latino-studies-ba,Latino Studies,BA,36,128,bulletin_knowledge,LANG-LEVEL-2,Foreign Language II,4,gen_ed,,0,,,both,College Core Curriculum requirement,major
latino-studies-ba,Latino Studies,BA,36,128,bulletin_knowledge,LANG-LEVEL-3,Foreign Language III,4,gen_ed,,0,,,both,College Core Curriculum requirement,major
latino-studies-ba,Latino Studies,BA,36,128,bulletin_knowledge,LANG-LEVEL-4,Foreign Language IV (Intermediate),4,gen_ed,,0,,,both,College Core Curriculum requirement,major
latino-studies-ba,Latino Studies,BA,36,128,bulletin_knowledge,CORE-TEXTS,Texts and Ideas,4,gen_ed,,0,,,both,College Core Curriculum requirement,major
latino-studies-ba,Latino Studies,BA,36,128,bulletin_knowledge,CORE-CULTURES,Cultures and Contexts,4,gen_ed,,0,,,both,College Core Curriculum requirement,major
latino-studies-ba,Latino Studies,BA,36,128,bulletin_knowledge,CORE-EXPRESSIVE,Expressive Culture,4,gen_ed,,0,,,both,College Core Curriculum requirement,major
latino-studies-ba,Latino Studies,BA,36,128,bulletin_knowledge,CORE-PHYSICAL-SCI,Physical Science,4,gen_ed,,0,,,both,College Core Curriculum requirement,major
latino-studies-ba,Latino Studies,BA,36,128,bulletin_knowledge,CORE-LIFE-SCI,Life Science,4,gen_ed,,0,,,both,College Core Curriculum requirement,major
latino-studies-ba,Latino Studies,BA,36,128,bulletin_knowledge,LTST-UA 1,Introduction to Latino Studies,4,core_required,,0,,,both,,major
latino-studies-ba,Latino Studies,BA,36,128,bulletin_knowledge,LTST-UA 900,Senior Seminar,4,core_required,,0,LTST-UA 1,,varies,,major
latino-studies-ba,Latino Studies,BA,36,128,bulletin_knowledge,ELECTIVE-1,Latino Studies Elective 1,4,major_elective,ltst_electives,5,LTST-UA 1,,varies,,major
latino-studies-ba,Latino Studies,BA,36,128,bulletin_knowledge,ELECTIVE-2,Latino Studies Elective 2,4,major_elective,ltst_electives,5,LTST-UA 1,,varies,,major
latino-studies-ba,Latino Studies,BA,36,128,bulletin_knowledge,ELECTIVE-3,Latino Studies Elective 3,4,major_elective,ltst_electives,5,LTST-UA 1,,varies,,major
latino-studies-ba,Latino Studies,BA,36,128,bulletin_knowledge,ELECTIVE-4,Latino Studies Elective 4,4,major_elective,ltst_electives,5,LTST-UA 1,,varies,,major
latino-studies-ba,Latino Studies,BA,36,128,bulletin_knowledge,ELECTIVE-5,Latino Studies Elective 5,4,major_elective,ltst_electives,5,LTST-UA 1,,varies,,major
latino-studies-ba,Latino Studies,BA,36,128,bulletin_knowledge,FREE-ELECTIVE-1,Free Elective 1,4,major_elective,,0,,,both,,major
latino-studies-ba,Latino Studies,BA,36,128,bulletin_knowledge,FREE-ELECTIVE-2,Free Elective 2,4,major_elective,,0,,,both,,major
latino-studies-ba,Latino Studies,BA,36,128,bulletin_knowledge,FREE-ELECTIVE-3,Free Elective 3,4,major_elective,,0,,,both,,major
latino-studies-ba,Latino Studies,BA,36,128,bulletin_knowledge,FREE-ELECTIVE-4,Free Elective 4,4,major_elective,,0,,,both,,major
latino-studies-ba,Latino Studies,BA,36,128,bulletin_knowledge,FREE-ELECTIVE-5,Free Elective 5,4,major_elective,,0,,,both,,major
latino-studies-ba,Latino Studies,BA,36,128,bulletin_knowledge,FREE-ELECTIVE-6,Free Elective 6,4,major_elective,,0,,,both,,major
latino-studies-ba,Latino Studies,BA,36,128,bulletin_knowledge,FREE-ELECTIVE-7,Free Elective 7,4,major_elective,,0,,,both,,major
latino-studies-ba,Latino Studies,BA,36,128,bulletin_knowledge,FREE-ELECTIVE-8,Free Elective 8,4,major_elective,,0,,,both,,major
latino-studies-ba,Latino Studies,BA,36,128,bulletin_knowledge,FREE-ELECTIVE-9,Free Elective 9,4,major_elective,,0,,,both,,major
latino-studies-ba,Latino Studies,BA,36,128,bulletin_knowledge,FREE-ELECTIVE-10,Free Elective 10,4,major_elective,,0,,,both,,major
latino-studies-ba,Latino Studies,BA,36,128,bulletin_knowledge,FREE-ELECTIVE-11,Free Elective 11,4,major_elective,,0,,,both,,major
metropolitan-studies-ba,Metropolitan Studies,BA,36,128,bulletin_knowledge,FIRST-YEAR-SEMINAR,First-Year Seminar,4,gen_ed,,0,,,fall,College Core Curriculum requirement,major
metropolitan-studies-ba,Metropolitan Studies,BA,36,128,bulletin_knowledge,EXPOS-UA 1,Writing as Inquiry,4,gen_ed,,0,,,both,College Core Curriculum requirement,major
metropolitan-studies-ba,Metropolitan Studies,BA,36,128,bulletin_knowledge,LANG-LEVEL-1,Foreign Language I,4,gen_ed,,0,,,both,College Core Curriculum requirement,major
metropolitan-studies-ba,Metropolitan Studies,BA,36,128,bulletin_knowledge,LANG-LEVEL-2,Foreign Language II,4,gen_ed,,0,,,both,College Core Curriculum requirement,major
metropolitan-studies-ba,Metropolitan Studies,BA,36,128,bulletin_knowledge,LANG-LEVEL-3,Foreign Language III,4,gen_ed,,0,,,both,College Core Curriculum requirement,major
metropolitan-studies-ba,Metropolitan Studies,BA,36,128,bulletin_knowledge,LANG-LEVEL-4,Foreign Language IV (Intermediate),4,gen_ed,,0,,,both,College Core Curriculum requirement,major
metropolitan-studies-ba,Metropolitan Studies,BA,36,128,bulletin_knowledge,CORE-TEXTS,Texts and Ideas,4,gen_ed,,0,,,both,College Core Curriculum requirement,major
metropolitan-studies-ba,Metropolitan Studies,BA,36,128,bulletin_knowledge,CORE-CULTURES,Cultures and Contexts,4,gen_ed,,0,,,both,College Core Curriculum requirement,major
metropolitan-studies-ba,Metropolitan Studies,BA,36,128,bulletin_knowledge,CORE-EXPRESSIVE,Expressive Culture,4,gen_ed,,0,,,both,College Core Curriculum requirement,major
metropolitan-studies-ba,Metropolitan Studies,BA,36,128,bulletin_knowledge,CORE-PHYSICAL-SCI,Physical Science,4,gen_ed,,0,,,both,College Core Curriculum requirement,major
metropolitan-studies-ba,Metropolitan Studies,BA,36,128,bulletin_knowledge,CORE-LIFE-SCI,Life Science,4,gen_ed,,0,,,both,College Core Curriculum requirement,major
metropolitan-studies-ba,Metropolitan Studies,BA,36,128,bulletin_knowledge,METRO-UA 100,Introduction to Metropolitan Studies,4,core_required,,0,,,both,,major
metropolitan-studies-ba,Metropolitan Studies,BA,36,128,bulletin_knowledge,METRO-UA 300,Urban Research Methods,4,core_required,,0,METRO-UA 100,,both,,major
metropolitan-studies-ba,Metropolitan Studies,BA,36,128,bulletin_knowledge,METRO-UA 900,Senior Seminar,4,core_required,,0,METRO-UA 300,,varies,,major
metropolitan-studies-ba,Metropolitan Studies,BA,36,128,bulletin_knowledge,ELECTIVE-1,Metropolitan Studies Elective 1,4,major_elective,metro_electives,4,METRO-UA 100,,varies,,major
metropolitan-studies-ba,Metropolitan Studies,BA,36,128,bulletin_knowledge,ELECTIVE-2,Metropolitan Studies Elective 2,4,major_elective,metro_electives,4,METRO-UA 100,,varies,,major
metropolitan-studies-ba,Metropolitan Studies,BA,36,128,bulletin_knowledge,ELECTIVE-3,Metropolitan Studies Elective 3,4,major_elective,metro_electives,4,METRO-UA 100,,varies,,major
metropolitan-studies-ba,Metropolitan Studies,BA,36,128,bulletin_knowledge,ELECTIVE-4,Metropolitan Studies Elective 4,4,major_elective,metro_electives,4,METRO-UA 100,,varies,,major
metropolitan-studies-ba,Metropolitan Studies,BA,36,128,bulletin_knowledge,FREE-ELECTIVE-1,Free Elective 1,4,major_elective,,0,,,both,,major
metropolitan-studies-ba,Metropolitan Studies,BA,36,128,bulletin_knowledge,FREE-ELECTIVE-2,Free Elective 2,4,major_elective,,0,,,both,,major
metropolitan-studies-ba,Metropolitan Studies,BA,36,128,bulletin_knowledge,FREE-ELECTIVE-3,Free Elective 3,4,major_elective,,0,,,both,,major
metropolitan-studies-ba,Metropolitan Studies,BA,36,128,bulletin_knowledge,FREE-ELECTIVE-4,Free Elective 4,4,major_elective,,0,,,both,,major
metropolitan-studies-ba,Metropolitan Studies,BA,36,128,bulletin_knowledge,FREE-ELECTIVE-5,Free Elective 5,4,major_elective,,0,,,both,,major
metropolitan-studies-ba,Metropolitan Studies,BA,36,128,bulletin_knowledge,FREE-ELECTIVE-6,Free Elective 6,4,major_elective,,0,,,both,,major
metropolitan-studies-ba,Metropolitan Studies,BA,36,128,bulletin_knowledge,FREE-ELECTIVE-7,Free Elective 7,4,major_elective,,0,,,both,,major
metropolitan-studies-ba,Metropolitan Studies,BA,36,128,bulletin_knowledge,FREE-ELECTIVE-8,Free Elective 8,4,major_elective,,0,,,both,,major
metropolitan-studies-ba,Metropolitan Studies,BA,36,128,bulletin_knowledge,FREE-ELECTIVE-9,Free Elective 9,4,major_elective,,0,,,both,,major
metropolitan-studies-ba,Metropolitan Studies,BA,36,128,bulletin_knowledge,FREE-ELECTIVE-10,Free Elective 10,4,major_elective,,0,,,both,,major
metropolitan-studies-ba,Metropolitan Studies,BA,36,128,bulletin_knowledge,FREE-ELECTIVE-11,Free Elective 11,4,major_elective,,0,,,both,,major
religious-studies-ba,Religious Studies,BA,36,128,bulletin_knowledge,FIRST-YEAR-SEMINAR,First-Year Seminar,4,gen_ed,,0,,,fall,College Core Curriculum requirement,major
religious-studies-ba,Religious Studies,BA,36,128,bulletin_knowledge,EXPOS-UA 1,Writing as Inquiry,4,gen_ed,,0,,,both,College Core Curriculum requirement,major
religious-studies-ba,Religious Studies,BA,36,128,bulletin_knowledge,LANG-LEVEL-1,Foreign Language I,4,gen_ed,,0,,,both,College Core Curriculum requirement,major
religious-studies-ba,Religious Studies,BA,36,128,bulletin_knowledge,LANG-LEVEL-2,Foreign Language II,4,gen_ed,,0,,,both,College Core Curriculum requirement,major
religious-studies-ba,Religious Studies,BA,36,128,bulletin_knowledge,LANG-LEVEL-3,Foreign Language III,4,gen_ed,,0,,,both,College Core Curriculum requirement,major
religious-studies-ba,Religious Studies,BA,36,128,bulletin_knowledge,LANG-LEVEL-4,Foreign Language IV (Intermediate),4,gen_ed,,0,,,both,College Core Curriculum requirement,major
religious-studies-ba,Religious Studies,BA,36,128,bulletin_knowledge,CORE-TEXTS,Texts and Ideas,4,gen_ed,,0,,,both,College Core Curriculum requirement,major
religious-studies-ba,Religious Studies,BA,36,128,bulletin_knowledge,CORE-CULTURES,Cultures and Contexts,4,gen_ed,,0,,,both,College Core Curriculum requirement,major
religious-studies-ba,Religious Studies,BA,36,128,bulletin_knowledge,CORE-EXPRESSIVE,Expressive Culture,4,gen_ed,,0,,,both,College Core Curriculum requirement,major
religious-studies-ba,Religious Studies,BA,36,128,bulletin_knowledge,CORE-PHYSICAL-SCI,Physical Science,4,gen_ed,,0,,,both,College Core Curriculum requirement,major
religious-studies-ba,Religious Studies,BA,36,128,bulletin_knowledge,CORE-LIFE-SCI,Life Science,4,gen_ed,,0,,,both,College Core Curriculum requirement,major
religious-studies-ba,Religious Studies,BA,36,128,bulletin_knowledge,RELS-UA 1,Introduction to Religious Studies,4,core_required,,0,,,both,,major
religious-studies-ba,Religious Studies,BA,36,128,bulletin_knowledge,RELS-UA 200,Methods in Religious Studies,4,core_required,,0,RELS-UA 1,,both,,major
religious-studies-ba,Religious Studies,BA,36,128,bulletin_knowledge,RELS-UA 900,Senior Seminar,4,core_required,,0,RELS-UA 200,,varies,,major
religious-studies-ba,Religious Studies,BA,36,128,bulletin_knowledge,ELECTIVE-1,Religious Studies Elective 1,4,major_elective,rels_electives,4,RELS-UA 1,,varies,,major
religious-studies-ba,Religious Studies,BA,36,128,bulletin_knowledge,ELECTIVE-2,Religious Studies Elective 2,4,major_elective,rels_electives,4,RELS-UA 1,,varies,,major
religious-studies-ba,Religious Studies,BA,36,128,bulletin_knowledge,ELECTIVE-3,Religious Studies Elective 3,4,major_elective,rels_electives,4,RELS-UA 1,,varies,,major
religious-studies-ba,Religious Studies,BA,36,128,bulletin_knowledge,ELECTIVE-4,Religious Studies Elective 4,4,major_elective,rels_electives,4,RELS-UA 1,,varies,,major
religious-studies-ba,Religious Studies,BA,36,128,bulletin_knowledge,FREE-ELECTIVE-1,Free Elective 1,4,major_elective,,0,,,both,,major
religious-studies-ba,Religious Studies,BA,36,128,bulletin_knowledge,FREE-ELECTIVE-2,Free Elective 2,4,major_elective,,0,,,both,,major
religious-studies-ba,Religious Studies,BA,36,128,bulletin_knowledge,FREE-ELECTIVE-3,Free Elective 3,4,major_elective,,0,,,both,,major
religious-studies-ba,Religious Studies,BA,36,128,bulletin_knowledge,FREE-ELECTIVE-4,Free Elective 4,4,major_elective,,0,,,both,,major
religious-studies-ba,Religious Studies,BA,36,128,bulletin_knowledge,FREE-ELECTIVE-5,Free Elective 5,4,major_elective,,0,,,both,,major
religious-studies-ba,Religious Studies,BA,36,128,bulletin_knowledge,FREE-ELECTIVE-6,Free Elective 6,4,major_elective,,0,,,both,,major
religious-studies-ba,Religious Studies,BA,36,128,bulletin_knowledge,FREE-ELECTIVE-7,Free Elective 7,4,major_elective,,0,,,both,,major
religious-studies-ba,Religious Studies,BA,36,128,bulletin_knowledge,FREE-ELECTIVE-8,Free Elective 8,4,major_elective,,0,,,both,,major
religious-studies-ba,Religious Studies,BA,36,128,bulletin_knowledge,FREE-ELECTIVE-9,Free Elective 9,4,major_elective,,0,,,both,,major
religious-studies-ba,Religious Studies,BA,36,128,bulletin_knowledge,FREE-ELECTIVE-10,Free Elective 10,4,major_elective,,0,,,both,,major
religious-studies-ba,Religious Studies,BA,36,128,bulletin_knowledge,FREE-ELECTIVE-11,Free Elective 11,4,major_elective,,0,,,both,,major
russian-slavic-studies-ba,Russian and Slavic Studies,BA,36,128,bulletin_knowledge,FIRST-YEAR-SEMINAR,First-Year Seminar,4,gen_ed,,0,,,fall,College Core Curriculum requirement,major
russian-slavic-studies-ba,Russian and Slavic Studies,BA,36,128,bulletin_knowledge,EXPOS-UA 1,Writing as Inquiry,4,gen_ed,,0,,,both,College Core Curriculum requirement,major
russian-slavic-studies-ba,Russian and Slavic Studies,BA,36,128,bulletin_knowledge,LANG-LEVEL-1,Foreign Language I,4,gen_ed,,0,,,both,College Core Curriculum requirement,major
russian-slavic-studies-ba,Russian and Slavic Studies,BA,36,128,bulletin_knowledge,LANG-LEVEL-2,Foreign Language II,4,gen_ed,,0,,,both,College Core Curriculum requirement,major
russian-slavic-studies-ba,Russian and Slavic Studies,BA,36,128,bulletin_knowledge,LANG-LEVEL-3,Foreign Language III,4,gen_ed,,0,,,both,College Core Curriculum requirement,major
russian-slavic-studies-ba,Russian and Slavic Studies,BA,36,128,bulletin_knowledge,LANG-LEVEL-4,Foreign Language IV (Intermediate),4,gen_ed,,0,,,both,College Core Curriculum requirement,major
russian-slavic-studies-ba,Russian and Slavic Studies,BA,36,128,bulletin_knowledge,CORE-TEXTS,Texts and Ideas,4,gen_ed,,0,,,both,College Core Curriculum requirement,major
russian-slavic-studies-ba,Russian and Slavic Studies,BA,36,128,bulletin_knowledge,CORE-CULTURES,Cultures and Contexts,4,gen_ed,,0,,,both,College Core Curriculum requirement,major
russian-slavic-studies-ba,Russian and Slavic Studies,BA,36,128,bulletin_knowledge,CORE-EXPRESSIVE,Expressive Culture,4,gen_ed,,0,,,both,College Core Curriculum requirement,major
russian-slavic-studies-ba,Russian and Slavic Studies,BA,36,128,bulletin_knowledge,CORE-PHYSICAL-SCI,Physical Science,4,gen_ed,,0,,,both,College Core Curriculum requirement,major
russian-slavic-studies-ba,Russian and Slavic Studies,BA,36,128,bulletin_knowledge,CORE-LIFE-SCI,Life Science,4,gen_ed,,0,,,both,College Core Curriculum requirement,major
russian-slavic-studies-ba,Russian and Slavic Studies,BA,36,128,bulletin_knowledge,RUSS-UA 1,Elementary Russian I,4,core_required,,0,,,fall,,major
russian-slavic-studies-ba,Russian and Slavic Studies,BA,36,128,bulletin_knowledge,RUSS-UA 2,Elementary Russian II,4,core_required,,0,RUSS-UA 1,,spring,,major
russian-slavic-studies-ba,Russian and Slavic Studies,BA,36,128,bulletin_knowledge,SLAVC-UA 100,Introduction to Slavic Studies,4,core_required,,0,,,both,,major
russian-slavic-studies-ba,Russian and Slavic Studies,BA,36,128,bulletin_knowledge,SLAVC-UA 900,Senior Seminar,4,core_required,,0,SLAVC-UA 100,,varies,,major
russian-slavic-studies-ba,Russian and Slavic Studies,BA,36,128,bulletin_knowledge,ELECTIVE-1,Russian and Slavic Studies Elective 1,4,major_elective,slav_electives,4,SLAVC-UA 100,,varies,,major
russian-slavic-studies-ba,Russian and Slavic Studies,BA,36,128,bulletin_knowledge,ELECTIVE-2,Russian and Slavic Studies Elective 2,4,major_elective,slav_electives,4,SLAVC-UA 100,,varies,,major
russian-slavic-studies-ba,Russian and Slavic Studies,BA,36,128,bulletin_knowledge,ELECTIVE-3,Russian and Slavic Studies Elective 3,4,major_elective,slav_electives,4,SLAVC-UA 100,,varies,,major
russian-slavic-studies-ba,Russian and Slavic Studies,BA,36,128,bulletin_knowledge,ELECTIVE-4,Russian and Slavic Studies Elective 4,4,major_elective,slav_electives,4,SLAVC-UA 100,,varies,,major
russian-slavic-studies-ba,Russian and Slavic Studies,BA,36,128,bulletin_knowledge,FREE-ELECTIVE-1,Free Elective 1,4,major_elective,,0,,,both,,major
russian-slavic-studies-ba,Russian and Slavic Studies,BA,36,128,bulletin_knowledge,FREE-ELECTIVE-2,Free Elective 2,4,major_elective,,0,,,both,,major
russian-slavic-studies-ba,Russian and Slavic Studies,BA,36,128,bulletin_knowledge,FREE-ELECTIVE-3,Free Elective 3,4,major_elective,,0,,,both,,major
russian-slavic-studies-ba,Russian and Slavic Studies,BA,36,128,bulletin_knowledge,FREE-ELECTIVE-4,Free Elective 4,4,major_elective,,0,,,both,,major
russian-slavic-studies-ba,Russian and Slavic Studies,BA,36,128,bulletin_knowledge,FREE-ELECTIVE-5,Free Elective 5,4,major_elective,,0,,,both,,major
russian-slavic-studies-ba,Russian and Slavic Studies,BA,36,128,bulletin_knowledge,FREE-ELECTIVE-6,Free Elective 6,4,major_elective,,0,,,both,,major
russian-slavic-studies-ba,Russian and Slavic Studies,BA,36,128,bulletin_knowledge,FREE-ELECTIVE-7,Free Elective 7,4,major_elective,,0,,,both,,major
russian-slavic-studies-ba,Russian and Slavic Studies,BA,36,128,bulletin_knowledge,FREE-ELECTIVE-8,Free Elective 8,4,major_elective,,0,,,both,,major
russian-slavic-studies-ba,Russian and Slavic Studies,BA,36,128,bulletin_knowledge,FREE-ELECTIVE-9,Free Elective 9,4,major_elective,,0,,,both,,major
russian-slavic-studies-ba,Russian and Slavic Studies,BA,36,128,bulletin_knowledge,FREE-ELECTIVE-10,Free Elective 10,4,major_elective,,0,,,both,,major
russian-slavic-studies-ba,Russian and Slavic Studies,BA,36,128,bulletin_knowledge,FREE-ELECTIVE-11,Free Elective 11,4,major_elective,,0,,,both,,major
spanish-ba,Spanish,BA,36,128,bulletin_knowledge,FIRST-YEAR-SEMINAR,First-Year Seminar,4,gen_ed,,0,,,fall,College Core Curriculum requirement,major
spanish-ba,Spanish,BA,36,128,bulletin_knowledge,EXPOS-UA 1,Writing as Inquiry,4,gen_ed,,0,,,both,College Core Curriculum requirement,major
spanish-ba,Spanish,BA,36,128,bulletin_knowledge,LANG-LEVEL-1,Foreign Language I,4,gen_ed,,0,,,both,College Core Curriculum requirement,major
spanish-ba,Spanish,BA,36,128,bulletin_knowledge,LANG-LEVEL-2,Foreign Language II,4,gen_ed,,0,,,both,College Core Curriculum requirement,major
spanish-ba,Spanish,BA,36,128,bulletin_knowledge,LANG-LEVEL-3,Foreign Language III,4,gen_ed,,0,,,both,College Core Curriculum requirement,major
spanish-ba,Spanish,BA,36,128,bulletin_knowledge,LANG-LEVEL-4,Foreign Language IV (Intermediate),4,gen_ed,,0,,,both,College Core Curriculum requirement,major
spanish-ba,Spanish,BA,36,128,bulletin_knowledge,CORE-TEXTS,Texts and Ideas,4,gen_ed,,0,,,both,College Core Curriculum requirement,major
spanish-ba,Spanish,BA,36,128,bulletin_knowledge,CORE-CULTURES,Cultures and Contexts,4,gen_ed,,0,,,both,College Core Curriculum requirement,major
spanish-ba,Spanish,BA,36,128,bulletin_knowledge,CORE-EXPRESSIVE,Expressive Culture,4,gen_ed,,0,,,both,College Core Curriculum requirement,major
spanish-ba,Spanish,BA,36,128,bulletin_knowledge,CORE-PHYSICAL-SCI,Physical Science,4,gen_ed,,0,,,both,College Core Curriculum requirement,major
spanish-ba,Spanish,BA,36,128,bulletin_knowledge,CORE-LIFE-SCI,Life Science,4,gen_ed,,0,,,both,College Core Curriculum requirement,major
spanish-ba,Spanish,BA,36,128,bulletin_knowledge,SPAN-UA 101,Intermediate Spanish I,4,core_required,,0,,,both,,major
spanish-ba,Spanish,BA,36,128,bulletin_knowledge,SPAN-UA 102,Intermediate Spanish II,4,core_required,,0,SPAN-UA 101,,both,,major
spanish-ba,Spanish,BA,36,128,bulletin_knowledge,SPAN-UA 200,Introduction to Hispanic Literature,4,core_required,,0,SPAN-UA 102,,both,,major
spanish-ba,Spanish,BA,36,128,bulletin_knowledge,SPAN-UA 900,Senior Seminar,4,core_required,,0,SPAN-UA 200,,varies,,major
spanish-ba,Spanish,BA,36,128,bulletin_knowledge,ELECTIVE-1,Spanish Elective 1,4,major_elective,span_electives,4,SPAN-UA 200,,varies,,major
spanish-ba,Spanish,BA,36,128,bulletin_knowledge,ELECTIVE-2,Spanish Elective 2,4,major_elective,span_electives,4,SPAN-UA 200,,varies,,major
spanish-ba,Spanish,BA,36,128,bulletin_knowledge,ELECTIVE-3,Spanish Elective 3,4,major_elective,span_electives,4,SPAN-UA 200,,varies,,major
spanish-ba,Spanish,BA,36,128,bulletin_knowledge,ELECTIVE-4,Spanish Elective 4,4,major_elective,span_electives,4,SPAN-UA 200,,varies,,major
spanish-ba,Spanish,BA,36,128,bulletin_knowledge,FREE-ELECTIVE-1,Free Elective 1,4,major_elective,,0,,,both,,major
spanish-ba,Spanish,BA,36,128,bulletin_knowledge,FREE-ELECTIVE-2,Free Elective 2,4,major_elective,,0,,,both,,major
spanish-ba,Spanish,BA,36,128,bulletin_knowledge,FREE-ELECTIVE-3,Free Elective 3,4,major_elective,,0,,,both,,major
spanish-ba,Spanish,BA,36,128,bulletin_knowledge,FREE-ELECTIVE-4,Free Elective 4,4,major_elective,,0,,,both,,major
spanish-ba,Spanish,BA,36,128,bulletin_knowledge,FREE-ELECTIVE-5,Free Elective 5,4,major_elective,,0,,,both,,major
spanish-ba,Spanish,BA,36,128,bulletin_knowledge,FREE-ELECTIVE-6,Free Elective 6,4,major_elective,,0,,,both,,major
spanish-ba,Spanish,BA,36,128,bulletin_knowledge,FREE-ELECTIVE-7,Free Elective 7,4,major_elective,,0,,,both,,major
spanish-ba,Spanish,BA,36,128,bulletin_knowledge,FREE-ELECTIVE-8,Free Elective 8,4,major_elective,,0,,,both,,major
spanish-ba,Spanish,BA,36,128,bulletin_knowledge,FREE-ELECTIVE-9,Free Elective 9,4,major_elective,,0,,,both,,major
spanish-ba,Spanish,BA,36,128,bulletin_knowledge,FREE-ELECTIVE-10,Free Elective 10,4,major_elective,,0,,,both,,major
spanish-ba,Spanish,BA,36,128,bulletin_knowledge,FREE-ELECTIVE-11,Free Elective 11,4,major_elective,,0,,,both,,major
spanish-linguistics-ba,Spanish and Linguistics,BA,52,128,bulletin_knowledge,FIRST-YEAR-SEMINAR,First-Year Seminar,4,gen_ed,,0,,,fall,College Core Curriculum requirement,major
spanish-linguistics-ba,Spanish and Linguistics,BA,52,128,bulletin_knowledge,EXPOS-UA 1,Writing as Inquiry,4,gen_ed,,0,,,both,College Core Curriculum requirement,major
spanish-linguistics-ba,Spanish and Linguistics,BA,52,128,bulletin_knowledge,LANG-LEVEL-1,Foreign Language I,4,gen_ed,,0,,,both,College Core Curriculum requirement,major
spanish-linguistics-ba,Spanish and Linguistics,BA,52,128,bulletin_knowledge,LANG-LEVEL-2,Foreign Language II,4,gen_ed,,0,,,both,College Core Curriculum requirement,major
spanish-linguistics-ba,Spanish and Linguistics,BA,52,128,bulletin_knowledge,LANG-LEVEL-3,Foreign Language III,4,gen_ed,,0,,,both,College Core Curriculum requirement,major
spanish-linguistics-ba,Spanish and Linguistics,BA,52,128,bulletin_knowledge,LANG-LEVEL-4,Foreign Language IV (Intermediate),4,gen_ed,,0,,,both,College Core Curriculum requirement,major
spanish-linguistics-ba,Spanish and Linguistics,BA,52,128,bulletin_knowledge,CORE-TEXTS,Texts and Ideas,4,gen_ed,,0,,,both,College Core Curriculum requirement,major
spanish-linguistics-ba,Spanish and Linguistics,BA,52,128,bulletin_knowledge,CORE-CULTURES,Cultures and Contexts,4,gen_ed,,0,,,both,College Core Curriculum requirement,major
spanish-linguistics-ba,Spanish and Linguistics,BA,52,128,bulletin_knowledge,CORE-EXPRESSIVE,Expressive Culture,4,gen_ed,,0,,,both,College Core Curriculum requirement,major
spanish-linguistics-ba,Spanish and Linguistics,BA,52,128,bulletin_knowledge,CORE-PHYSICAL-SCI,Physical Science,4,gen_ed,,0,,,both,College Core Curriculum requirement,major
spanish-linguistics-ba,Spanish and Linguistics,BA,52,128,bulletin_knowledge,CORE-LIFE-SCI,Life Science,4,gen_ed,,0,,,both,College Core Curriculum requirement,major
spanish-linguistics-ba,Spanish and Linguistics,BA,52,128,bulletin_knowledge,SPAN-UA 101,Intermediate Spanish I,4,core_required,,0,,,both,,major
spanish-linguistics-ba,Spanish and Linguistics,BA,52,128,bulletin_knowledge,SPAN-UA 102,Intermediate Spanish II,4,core_required,,0,SPAN-UA 101,,both,,major
spanish-linguistics-ba,Spanish and Linguistics,BA,52,128,bulletin_knowledge,SPAN-UA 200,Introduction to Hispanic Literature,4,core_required,,0,SPAN-UA 102,,both,,major
spanish-linguistics-ba,Spanish and Linguistics,BA,52,128,bulletin_knowledge,LING-UA 1,Language and Mind,4,core_required,,0,,,both,,major
spanish-linguistics-ba,Spanish and Linguistics,BA,52,128,bulletin_knowledge,LING-UA 11,Phonetics and Phonology,4,core_required,,0,LING-UA 1,,both,,major
spanish-linguistics-ba,Spanish and Linguistics,BA,52,128,bulletin_knowledge,LING-UA 13,Morphology and Syntax,4,core_required,,0,LING-UA 1,,both,,major
spanish-linguistics-ba,Spanish and Linguistics,BA,52,128,bulletin_knowledge,LING-UA 15,Semantics and Pragmatics,4,core_required,,0,LING-UA 1,,both,,major
spanish-linguistics-ba,Spanish and Linguistics,BA,52,128,bulletin_knowledge,ELECTIVE-1,Spanish and Linguistics Elective 1,4,major_elective,spaling_electives,3,SPAN-UA 200|LING-UA 1,,varies,,major
spanish-linguistics-ba,Spanish and Linguistics,BA,52,128,bulletin_knowledge,ELECTIVE-2,Spanish and Linguistics Elective 2,4,major_elective,spaling_electives,3,SPAN-UA 200|LING-UA 1,,varies,,major
spanish-linguistics-ba,Spanish and Linguistics,BA,52,128,bulletin_knowledge,ELECTIVE-3,Spanish and Linguistics Elective 3,4,major_elective,spaling_electives,3,SPAN-UA 200|LING-UA 1,,varies,,major
spanish-linguistics-ba,Spanish and Linguistics,BA,52,128,bulletin_knowledge,FREE-ELECTIVE-1,Free Elective 1,4,major_elective,,0,,,both,,major
spanish-linguistics-ba,Spanish and Linguistics,BA,52,128,bulletin_knowledge,FREE-ELECTIVE-2,Free Elective 2,4,major_elective,,0,,,both,,major
spanish-linguistics-ba,Spanish and Linguistics,BA,52,128,bulletin_knowledge,FREE-ELECTIVE-3,Free Elective 3,4,major_elective,,0,,,both,,major
spanish-linguistics-ba,Spanish and Linguistics,BA,52,128,bulletin_knowledge,FREE-ELECTIVE-4,Free Elective 4,4,major_elective,,0,,,both,,major
spanish-linguistics-ba,Spanish and Linguistics,BA,52,128,bulletin_knowledge,FREE-ELECTIVE-5,Free Elective 5,4,major_elective,,0,,,both,,major
spanish-linguistics-ba,Spanish and Linguistics,BA,52,128,bulletin_knowledge,FREE-ELECTIVE-6,Free Elective 6,4,major_elective,,0,,,both,,major
spanish-linguistics-ba,Spanish and Linguistics,BA,52,128,bulletin_knowledge,FREE-ELECTIVE-7,Free Elective 7,4,major_elective,,0,,,both,,major
spanish-linguistics-ba,Spanish and Linguistics,BA,52,128,bulletin_knowledge,FREE-ELECTIVE-8,Free Elective 8,4,major_elective,,0,,,both,,major
spanish-linguistics-ba,Spanish and Linguistics,BA,52,128,bulletin_knowledge,FREE-ELECTIVE-9,Free Elective 9,4,major_elective,,0,,,both,,major
spanish-linguistics-ba,Spanish and Linguistics,BA,52,128,bulletin_knowledge,FREE-ELECTIVE-10,Free Elective 10,4,major_elective,,0,,,both,,major
spanish-linguistics-ba,Spanish and Linguistics,BA,52,128,bulletin_knowledge,FREE-ELECTIVE-11,Free Elective 11,4,major_elective,,0,,,both,,major
french-linguistics-ba,French and Linguistics,BA,52,128,bulletin_knowledge,FIRST-YEAR-SEMINAR,First-Year Seminar,4,gen_ed,,0,,,fall,College Core Curriculum requirement,major
french-linguistics-ba,French and Linguistics,BA,52,128,bulletin_knowledge,EXPOS-UA 1,Writing as Inquiry,4,gen_ed,,0,,,both,College Core Curriculum requirement,major
french-linguistics-ba,French and Linguistics,BA,52,128,bulletin_knowledge,LANG-LEVEL-1,Foreign Language I,4,gen_ed,,0,,,both,College Core Curriculum requirement,major
french-linguistics-ba,French and Linguistics,BA,52,128,bulletin_knowledge,LANG-LEVEL-2,Foreign Language II,4,gen_ed,,0,,,both,College Core Curriculum requirement,major
french-linguistics-ba,French and Linguistics,BA,52,128,bulletin_knowledge,LANG-LEVEL-3,Foreign Language III,4,gen_ed,,0,,,both,College Core Curriculum requirement,major
french-linguistics-ba,French and Linguistics,BA,52,128,bulletin_knowledge,LANG-LEVEL-4,Foreign Language IV (Intermediate),4,gen_ed,,0,,,both,College Core Curriculum requirement,major
french-linguistics-ba,French and Linguistics,BA,52,128,bulletin_knowledge,CORE-TEXTS,Texts and Ideas,4,gen_ed,,0,,,both,College Core Curriculum requirement,major
french-linguistics-ba,French and Linguistics,BA,52,128,bulletin_knowledge,CORE-CULTURES,Cultures and Contexts,4,gen_ed,,0,,,both,College Core Curriculum requirement,major
french-linguistics-ba,French and Linguistics,BA,52,128,bulletin_knowledge,CORE-EXPRESSIVE,Expressive Culture,4,gen_ed,,0,,,both,College Core Curriculum requirement,major
french-linguistics-ba,French and Linguistics,BA,52,128,bulletin_knowledge,CORE-PHYSICAL-SCI,Physical Science,4,gen_ed,,0,,,both,College Core Curriculum requirement,major
french-linguistics-ba,French and Linguistics,BA,52,128,bulletin_knowledge,CORE-LIFE-SCI,Life Science,4,gen_ed,,0,,,both,College Core Curriculum requirement,major
french-linguistics-ba,French and Linguistics,BA,52,128,bulletin_knowledge,FREN-UA 102,Intermediate French II,4,core_required,,0,,,both,,major
french-linguistics-ba,French and Linguistics,BA,52,128,bulletin_knowledge,FREN-UA 200,Introduction to French Literature,4,core_required,,0,FREN-UA 102,,both,,major
french-linguistics-ba,French and Linguistics,BA,52,128,bulletin_knowledge,LING-UA 1,Language and Mind,4,core_required,,0,,,both,,major
french-linguistics-ba,French and Linguistics,BA,52,128,bulletin_knowledge,LING-UA 11,Phonetics and Phonology,4,core_required,,0,LING-UA 1,,both,,major
french-linguistics-ba,French and Linguistics,BA,52,128,bulletin_knowledge,LING-UA 13,Morphology and Syntax,4,core_required,,0,LING-UA 1,,both,,major
french-linguistics-ba,French and Linguistics,BA,52,128,bulletin_knowledge,LING-UA 15,Semantics and Pragmatics,4,core_required,,0,LING-UA 1,,both,,major
french-linguistics-ba,French and Linguistics,BA,52,128,bulletin_knowledge,ELECTIVE-1,French and Linguistics Elective 1,4,major_elective,fraling_electives,3,FREN-UA 200|LING-UA 1,,varies,,major
french-linguistics-ba,French and Linguistics,BA,52,128,bulletin_knowledge,ELECTIVE-2,French and Linguistics Elective 2,4,major_elective,fraling_electives,3,FREN-UA 200|LING-UA 1,,varies,,major
french-linguistics-ba,French and Linguistics,BA,52,128,bulletin_knowledge,ELECTIVE-3,French and Linguistics Elective 3,4,major_elective,fraling_electives,3,FREN-UA 200|LING-UA 1,,varies,,major
french-linguistics-ba,French and Linguistics,BA,52,128,bulletin_knowledge,FREE-ELECTIVE-1,Free Elective 1,4,major_elective,,0,,,both,,major
french-linguistics-ba,French and Linguistics,BA,52,128,bulletin_knowledge,FREE-ELECTIVE-2,Free Elective 2,4,major_elective,,0,,,both,,major
french-linguistics-ba,French and Linguistics,BA,52,128,bulletin_knowledge,FREE-ELECTIVE-3,Free Elective 3,4,major_elective,,0,,,both,,major
french-linguistics-ba,French and Linguistics,BA,52,128,bulletin_knowledge,FREE-ELECTIVE-4,Free Elective 4,4,major_elective,,0,,,both,,major
french-linguistics-ba,French and Linguistics,BA,52,128,bulletin_knowledge,FREE-ELECTIVE-5,Free Elective 5,4,major_elective,,0,,,both,,major
french-linguistics-ba,French and Linguistics,BA,52,128,bulletin_knowledge,FREE-ELECTIVE-6,Free Elective 6,4,major_elective,,0,,,both,,major
french-linguistics-ba,French and Linguistics,BA,52,128,bulletin_knowledge,FREE-ELECTIVE-7,Free Elective 7,4,major_elective,,0,,,both,,major
french-linguistics-ba,French and Linguistics,BA,52,128,bulletin_knowledge,FREE-ELECTIVE-8,Free Elective 8,4,major_elective,,0,,,both,,major
french-linguistics-ba,French and Linguistics,BA,52,128,bulletin_knowledge,FREE-ELECTIVE-9,Free Elective 9,4,major_elective,,0,,,both,,major
french-linguistics-ba,French and Linguistics,BA,52,128,bulletin_knowledge,FREE-ELECTIVE-10,Free Elective 10,4,major_elective,,0,,,both,,major
french-linguistics-ba,French and Linguistics,BA,52,128,bulletin_knowledge,FREE-ELECTIVE-11,Free Elective 11,4,major_elective,,0,,,both,,major
german-linguistics-ba,German and Linguistics,BA,52,128,bulletin_knowledge,FIRST-YEAR-SEMINAR,First-Year Seminar,4,gen_ed,,0,,,fall,College Core Curriculum requirement,major
german-linguistics-ba,German and Linguistics,BA,52,128,bulletin_knowledge,EXPOS-UA 1,Writing as Inquiry,4,gen_ed,,0,,,both,College Core Curriculum requirement,major
german-linguistics-ba,German and Linguistics,BA,52,128,bulletin_knowledge,LANG-LEVEL-1,Foreign Language I,4,gen_ed,,0,,,both,College Core Curriculum requirement,major
german-linguistics-ba,German and Linguistics,BA,52,128,bulletin_knowledge,LANG-LEVEL-2,Foreign Language II,4,gen_ed,,0,,,both,College Core Curriculum requirement,major
german-linguistics-ba,German and Linguistics,BA,52,128,bulletin_knowledge,LANG-LEVEL-3,Foreign Language III,4,gen_ed,,0,,,both,College Core Curriculum requirement,major
german-linguistics-ba,German and Linguistics,BA,52,128,bulletin_knowledge,LANG-LEVEL-4,Foreign Language IV (Intermediate),4,gen_ed,,0,,,both,College Core Curriculum requirement,major
german-linguistics-ba,German and Linguistics,BA,52,128,bulletin_knowledge,CORE-TEXTS,Texts and Ideas,4,gen_ed,,0,,,both,College Core Curriculum requirement,major
german-linguistics-ba,German and Linguistics,BA,52,128,bulletin_knowledge,CORE-CULTURES,Cultures and Contexts,4,gen_ed,,0,,,both,College Core Curriculum requirement,major
german-linguistics-ba,German and Linguistics,BA,52,128,bulletin_knowledge,CORE-EXPRESSIVE,Expressive Culture,4,gen_ed,,0,,,both,College Core Curriculum requirement,major
german-linguistics-ba,German and Linguistics,BA,52,128,bulletin_knowledge,CORE-PHYSICAL-SCI,Physical Science,4,gen_ed,,0,,,both,College Core Curriculum requirement,major
german-linguistics-ba,German and Linguistics,BA,52,128,bulletin_knowledge,CORE-LIFE-SCI,Life Science,4,gen_ed,,0,,,both,College Core Curriculum requirement,major
german-linguistics-ba,German and Linguistics,BA,52,128,bulletin_knowledge,GERM-UA 102,Intermediate German II,4,core_required,,0,,,both,,major
german-linguistics-ba,German and Linguistics,BA,52,128,bulletin_knowledge,GERM-UA 200,Introduction to German Literature,4,core_required,,0,GERM-UA 102,,both,,major
german-linguistics-ba,German and Linguistics,BA,52,128,bulletin_knowledge,LING-UA 1,Language and Mind,4,core_required,,0,,,both,,major
german-linguistics-ba,German and Linguistics,BA,52,128,bulletin_knowledge,LING-UA 11,Phonetics and Phonology,4,core_required,,0,LING-UA 1,,both,,major
german-linguistics-ba,German and Linguistics,BA,52,128,bulletin_knowledge,LING-UA 13,Morphology and Syntax,4,core_required,,0,LING-UA 1,,both,,major
german-linguistics-ba,German and Linguistics,BA,52,128,bulletin_knowledge,LING-UA 15,Semantics and Pragmatics,4,core_required,,0,LING-UA 1,,both,,major
german-linguistics-ba,German and Linguistics,BA,52,128,bulletin_knowledge,ELECTIVE-1,German and Linguistics Elective 1,4,major_elective,gerling_electives,3,GERM-UA 200|LING-UA 1,,varies,,major
german-linguistics-ba,German and Linguistics,BA,52,128,bulletin_knowledge,ELECTIVE-2,German and Linguistics Elective 2,4,major_elective,gerling_electives,3,GERM-UA 200|LING-UA 1,,varies,,major
german-linguistics-ba,German and Linguistics,BA,52,128,bulletin_knowledge,ELECTIVE-3,German and Linguistics Elective 3,4,major_elective,gerling_electives,3,GERM-UA 200|LING-UA 1,,varies,,major
german-linguistics-ba,German and Linguistics,BA,52,128,bulletin_knowledge,FREE-ELECTIVE-1,Free Elective 1,4,major_elective,,0,,,both,,major
german-linguistics-ba,German and Linguistics,BA,52,128,bulletin_knowledge,FREE-ELECTIVE-2,Free Elective 2,4,major_elective,,0,,,both,,major
german-linguistics-ba,German and Linguistics,BA,52,128,bulletin_knowledge,FREE-ELECTIVE-3,Free Elective 3,4,major_elective,,0,,,both,,major
german-linguistics-ba,German and Linguistics,BA,52,128,bulletin_knowledge,FREE-ELECTIVE-4,Free Elective 4,4,major_elective,,0,,,both,,major
german-linguistics-ba,German and Linguistics,BA,52,128,bulletin_knowledge,FREE-ELECTIVE-5,Free Elective 5,4,major_elective,,0,,,both,,major
german-linguistics-ba,German and Linguistics,BA,52,128,bulletin_knowledge,FREE-ELECTIVE-6,Free Elective 6,4,major_elective,,0,,,both,,major
german-linguistics-ba,German and Linguistics,BA,52,128,bulletin_knowledge,FREE-ELECTIVE-7,Free Elective 7,4,major_elective,,0,,,both,,major
german-linguistics-ba,German and Linguistics,BA,52,128,bulletin_knowledge,FREE-ELECTIVE-8,Free Elective 8,4,major_elective,,0,,,both,,major
german-linguistics-ba,German and Linguistics,BA,52,128,bulletin_knowledge,FREE-ELECTIVE-9,Free Elective 9,4,major_elective,,0,,,both,,major
german-linguistics-ba,German and Linguistics,BA,52,128,bulletin_knowledge,FREE-ELECTIVE-10,Free Elective 10,4,major_elective,,0,,,both,,major
german-linguistics-ba,German and Linguistics,BA,52,128,bulletin_knowledge,FREE-ELECTIVE-11,Free Elective 11,4,major_elective,,0,,,both,,major
italian-linguistics-ba,Italian and Linguistics,BA,52,128,bulletin_knowledge,FIRST-YEAR-SEMINAR,First-Year Seminar,4,gen_ed,,0,,,fall,College Core Curriculum requirement,major
italian-linguistics-ba,Italian and Linguistics,BA,52,128,bulletin_knowledge,EXPOS-UA 1,Writing as Inquiry,4,gen_ed,,0,,,both,College Core Curriculum requirement,major
italian-linguistics-ba,Italian and Linguistics,BA,52,128,bulletin_knowledge,LANG-LEVEL-1,Foreign Language I,4,gen_ed,,0,,,both,College Core Curriculum requirement,major
italian-linguistics-ba,Italian and Linguistics,BA,52,128,bulletin_knowledge,LANG-LEVEL-2,Foreign Language II,4,gen_ed,,0,,,both,College Core Curriculum requirement,major
italian-linguistics-ba,Italian and Linguistics,BA,52,128,bulletin_knowledge,LANG-LEVEL-3,Foreign Language III,4,gen_ed,,0,,,both,College Core Curriculum requirement,major
italian-linguistics-ba,Italian and Linguistics,BA,52,128,bulletin_knowledge,LANG-LEVEL-4,Foreign Language IV (Intermediate),4,gen_ed,,0,,,both,College Core Curriculum requirement,major
italian-linguistics-ba,Italian and Linguistics,BA,52,128,bulletin_knowledge,CORE-TEXTS,Texts and Ideas,4,gen_ed,,0,,,both,College Core Curriculum requirement,major
italian-linguistics-ba,Italian and Linguistics,BA,52,128,bulletin_knowledge,CORE-CULTURES,Cultures and Contexts,4,gen_ed,,0,,,both,College Core Curriculum requirement,major
italian-linguistics-ba,Italian and Linguistics,BA,52,128,bulletin_knowledge,CORE-EXPRESSIVE,Expressive Culture,4,gen_ed,,0,,,both,College Core Curriculum requirement,major
italian-linguistics-ba,Italian and Linguistics,BA,52,128,bulletin_knowledge,CORE-PHYSICAL-SCI,Physical Science,4,gen_ed,,0,,,both,College Core Curriculum requirement,major
italian-linguistics-ba,Italian and Linguistics,BA,52,128,bulletin_knowledge,CORE-LIFE-SCI,Life Science,4,gen_ed,,0,,,both,College Core Curriculum requirement,major
italian-linguistics-ba,Italian and Linguistics,BA,52,128,bulletin_knowledge,ITAL-UA 102,Intermediate Italian II,4,core_required,,0,,,both,,major
italian-linguistics-ba,Italian and Linguistics,BA,52,128,bulletin_knowledge,ITAL-UA 200,Introduction to Italian Literature,4,core_required,,0,ITAL-UA 102,,both,,major
italian-linguistics-ba,Italian and Linguistics,BA,52,128,bulletin_knowledge,LING-UA 1,Language and Mind,4,core_required,,0,,,both,,major
italian-linguistics-ba,Italian and Linguistics,BA,52,128,bulletin_knowledge,LING-UA 11,Phonetics and Phonology,4,core_required,,0,LING-UA 1,,both,,major
italian-linguistics-ba,Italian and Linguistics,BA,52,128,bulletin_knowledge,LING-UA 13,Morphology and Syntax,4,core_required,,0,LING-UA 1,,both,,major
italian-linguistics-ba,Italian and Linguistics,BA,52,128,bulletin_knowledge,LING-UA 15,Semantics and Pragmatics,4,core_required,,0,LING-UA 1,,both,,major
italian-linguistics-ba,Italian and Linguistics,BA,52,128,bulletin_knowledge,ELECTIVE-1,Italian and Linguistics Elective 1,4,major_elective,italing_electives,3,ITAL-UA 200|LING-UA 1,,varies,,major
italian-linguistics-ba,Italian and Linguistics,BA,52,128,bulletin_knowledge,ELECTIVE-2,Italian and Linguistics Elective 2,4,major_elective,italing_electives,3,ITAL-UA 200|LING-UA 1,,varies,,major
italian-linguistics-ba,Italian and Linguistics,BA,52,128,bulletin_knowledge,ELECTIVE-3,Italian and Linguistics Elective 3,4,major_elective,italing_electives,3,ITAL-UA 200|LING-UA 1,,varies,,major
italian-linguistics-ba,Italian and Linguistics,BA,52,128,bulletin_knowledge,FREE-ELECTIVE-1,Free Elective 1,4,major_elective,,0,,,both,,major
italian-linguistics-ba,Italian and Linguistics,BA,52,128,bulletin_knowledge,FREE-ELECTIVE-2,Free Elective 2,4,major_elective,,0,,,both,,major
italian-linguistics-ba,Italian and Linguistics,BA,52,128,bulletin_knowledge,FREE-ELECTIVE-3,Free Elective 3,4,major_elective,,0,,,both,,major
italian-linguistics-ba,Italian and Linguistics,BA,52,128,bulletin_knowledge,FREE-ELECTIVE-4,Free Elective 4,4,major_elective,,0,,,both,,major
italian-linguistics-ba,Italian and Linguistics,BA,52,128,bulletin_knowledge,FREE-ELECTIVE-5,Free Elective 5,4,major_elective,,0,,,both,,major
italian-linguistics-ba,Italian and Linguistics,BA,52,128,bulletin_knowledge,FREE-ELECTIVE-6,Free Elective 6,4,major_elective,,0,,,both,,major
italian-linguistics-ba,Italian and Linguistics,BA,52,128,bulletin_knowledge,FREE-ELECTIVE-7,Free Elective 7,4,major_elective,,0,,,both,,major
italian-linguistics-ba,Italian and Linguistics,BA,52,128,bulletin_knowledge,FREE-ELECTIVE-8,Free Elective 8,4,major_elective,,0,,,both,,major
italian-linguistics-ba,Italian and Linguistics,BA,52,128,bulletin_knowledge,FREE-ELECTIVE-9,Free Elective 9,4,major_elective,,0,,,both,,major
italian-linguistics-ba,Italian and Linguistics,BA,52,128,bulletin_knowledge,FREE-ELECTIVE-10,Free Elective 10,4,major_elective,,0,,,both,,major
italian-linguistics-ba,Italian and Linguistics,BA,52,128,bulletin_knowledge,FREE-ELECTIVE-11,Free Elective 11,4,major_elective,,0,,,both,,major
language-mind-ba,Language and Mind,BA,40,128,bulletin_knowledge,FIRST-YEAR-SEMINAR,First-Year Seminar,4,gen_ed,,0,,,fall,College Core Curriculum requirement,major
language-mind-ba,Language and Mind,BA,40,128,bulletin_knowledge,EXPOS-UA 1,Writing as Inquiry,4,gen_ed,,0,,,both,College Core Curriculum requirement,major
language-mind-ba,Language and Mind,BA,40,128,bulletin_knowledge,LANG-LEVEL-1,Foreign Language I,4,gen_ed,,0,,,both,College Core Curriculum requirement,major
language-mind-ba,Language and Mind,BA,40,128,bulletin_knowledge,LANG-LEVEL-2,Foreign Language II,4,gen_ed,,0,,,both,College Core Curriculum requirement,major
language-mind-ba,Language and Mind,BA,40,128,bulletin_knowledge,LANG-LEVEL-3,Foreign Language III,4,gen_ed,,0,,,both,College Core Curriculum requirement,major
language-mind-ba,Language and Mind,BA,40,128,bulletin_knowledge,LANG-LEVEL-4,Foreign Language IV (Intermediate),4,gen_ed,,0,,,both,College Core Curriculum requirement,major
language-mind-ba,Language and Mind,BA,40,128,bulletin_knowledge,CORE-TEXTS,Texts and Ideas,4,gen_ed,,0,,,both,College Core Curriculum requirement,major
language-mind-ba,Language and Mind,BA,40,128,bulletin_knowledge,CORE-CULTURES,Cultures and Contexts,4,gen_ed,,0,,,both,College Core Curriculum requirement,major
language-mind-ba,Language and Mind,BA,40,128,bulletin_knowledge,CORE-EXPRESSIVE,Expressive Culture,4,gen_ed,,0,,,both,College Core Curriculum requirement,major
language-mind-ba,Language and Mind,BA,40,128,bulletin_knowledge,CORE-PHYSICAL-SCI,Physical Science,4,gen_ed,,0,,,both,College Core Curriculum requirement,major
language-mind-ba,Language and Mind,BA,40,128,bulletin_knowledge,CORE-LIFE-SCI,Life Science,4,gen_ed,,0,,,both,College Core Curriculum requirement,major
language-mind-ba,Language and Mind,BA,40,128,bulletin_knowledge,LING-UA 1,Language and Mind,4,core_required,,0,,,both,,major
language-mind-ba,Language and Mind,BA,40,128,bulletin_knowledge,LING-UA 11,Phonetics and Phonology,4,core_required,,0,LING-UA 1,,both,,major
language-mind-ba,Language and Mind,BA,40,128,bulletin_knowledge,LING-UA 13,Morphology and Syntax,4,core_required,,0,LING-UA 1,,both,,major
language-mind-ba,Language and Mind,BA,40,128,bulletin_knowledge,LING-UA 15,Semantics and Pragmatics,4,core_required,,0,LING-UA 1,,both,,major
language-mind-ba,Language and Mind,BA,40,128,bulletin_knowledge,PSYCH-UA 29,Cognition,4,core_required,,0,PSYCH-UA 1,,both,,major
language-mind-ba,Language and Mind,BA,40,128,bulletin_knowledge,PHIL-UA 101,Logic,4,core_required,,0,,,both,,major
language-mind-ba,Language and Mind,BA,40,128,bulletin_knowledge,ELECTIVE-1,Language and Mind Elective 1,4,major_elective,langmind_electives,4,LING-UA 1,,varies,,major
language-mind-ba,Language and Mind,BA,40,128,bulletin_knowledge,ELECTIVE-2,Language and Mind Elective 2,4,major_elective,langmind_electives,4,LING-UA 1,,varies,,major
language-mind-ba,Language and Mind,BA,40,128,bulletin_knowledge,ELECTIVE-3,Language and Mind Elective 3,4,major_elective,langmind_electives,4,LING-UA 1,,varies,,major
language-mind-ba,Language and Mind,BA,40,128,bulletin_knowledge,ELECTIVE-4,Language and Mind Elective 4,4,major_elective,langmind_electives,4,LING-UA 1,,varies,,major
language-mind-ba,Language and Mind,BA,40,128,bulletin_knowledge,FREE-ELECTIVE-1,Free Elective 1,4,major_elective,,0,,,both,,major
language-mind-ba,Language and Mind,BA,40,128,bulletin_knowledge,FREE-ELECTIVE-2,Free Elective 2,4,major_elective,,0,,,both,,major
language-mind-ba,Language and Mind,BA,40,128,bulletin_knowledge,FREE-ELECTIVE-3,Free Elective 3,4,major_elective,,0,,,both,,major
language-mind-ba,Language and Mind,BA,40,128,bulletin_knowledge,FREE-ELECTIVE-4,Free Elective 4,4,major_elective,,0,,,both,,major
language-mind-ba,Language and Mind,BA,40,128,bulletin_knowledge,FREE-ELECTIVE-5,Free Elective 5,4,major_elective,,0,,,both,,major
language-mind-ba,Language and Mind,BA,40,128,bulletin_knowledge,FREE-ELECTIVE-6,Free Elective 6,4,major_elective,,0,,,both,,major
language-mind-ba,Language and Mind,BA,40,128,bulletin_knowledge,FREE-ELECTIVE-7,Free Elective 7,4,major_elective,,0,,,both,,major
language-mind-ba,Language and Mind,BA,40,128,bulletin_knowledge,FREE-ELECTIVE-8,Free Elective 8,4,major_elective,,0,,,both,,major
language-mind-ba,Language and Mind,BA,40,128,bulletin_knowledge,FREE-ELECTIVE-9,Free Elective 9,4,major_elective,,0,,,both,,major
language-mind-ba,Language and Mind,BA,40,128,bulletin_knowledge,FREE-ELECTIVE-10,Free Elective 10,4,major_elective,,0,,,both,,major
language-mind-ba,Language and Mind,BA,40,128,bulletin_knowledge,FREE-ELECTIVE-11,Free Elective 11,4,major_elective,,0,,,both,,major
hellenic-studies-ba,Hellenic Studies,BA,36,128,bulletin_knowledge,FIRST-YEAR-SEMINAR,First-Year Seminar,4,gen_ed,,0,,,fall,College Core Curriculum requirement,major
hellenic-studies-ba,Hellenic Studies,BA,36,128,bulletin_knowledge,EXPOS-UA 1,Writing as Inquiry,4,gen_ed,,0,,,both,College Core Curriculum requirement,major
hellenic-studies-ba,Hellenic Studies,BA,36,128,bulletin_knowledge,LANG-LEVEL-1,Foreign Language I,4,gen_ed,,0,,,both,College Core Curriculum requirement,major
hellenic-studies-ba,Hellenic Studies,BA,36,128,bulletin_knowledge,LANG-LEVEL-2,Foreign Language II,4,gen_ed,,0,,,both,College Core Curriculum requirement,major
hellenic-studies-ba,Hellenic Studies,BA,36,128,bulletin_knowledge,LANG-LEVEL-3,Foreign Language III,4,gen_ed,,0,,,both,College Core Curriculum requirement,major
hellenic-studies-ba,Hellenic Studies,BA,36,128,bulletin_knowledge,LANG-LEVEL-4,Foreign Language IV (Intermediate),4,gen_ed,,0,,,both,College Core Curriculum requirement,major
hellenic-studies-ba,Hellenic Studies,BA,36,128,bulletin_knowledge,CORE-TEXTS,Texts and Ideas,4,gen_ed,,0,,,both,College Core Curriculum requirement,major
hellenic-studies-ba,Hellenic Studies,BA,36,128,bulletin_knowledge,CORE-CULTURES,Cultures and Contexts,4,gen_ed,,0,,,both,College Core Curriculum requirement,major
hellenic-studies-ba,Hellenic Studies,BA,36,128,bulletin_knowledge,CORE-EXPRESSIVE,Expressive Culture,4,gen_ed,,0,,,both,College Core Curriculum requirement,major
hellenic-studies-ba,Hellenic Studies,BA,36,128,bulletin_knowledge,CORE-PHYSICAL-SCI,Physical Science,4,gen_ed,,0,,,both,College Core Curriculum requirement,major
hellenic-studies-ba,Hellenic Studies,BA,36,128,bulletin_knowledge,CORE-LIFE-SCI,Life Science,4,gen_ed,,0,,,both,College Core Curriculum requirement,major
hellenic-studies-ba,Hellenic Studies,BA,36,128,bulletin_knowledge,GREEK-UA 1,Elementary Ancient Greek I,4,core_required,,0,,,fall,,major
hellenic-studies-ba,Hellenic Studies,BA,36,128,bulletin_knowledge,GREEK-UA 2,Elementary Ancient Greek II,4,core_required,,0,GREEK-UA 1,,spring,,major
hellenic-studies-ba,Hellenic Studies,BA,36,128,bulletin_knowledge,HELL-UA 100,Introduction to Hellenic Studies,4,core_required,,0,,,both,,major
hellenic-studies-ba,Hellenic Studies,BA,36,128,bulletin_knowledge,HELL-UA 900,Senior Seminar,4,core_required,,0,HELL-UA 100,,varies,,major
hellenic-studies-ba,Hellenic Studies,BA,36,128,bulletin_knowledge,ELECTIVE-1,Hellenic Studies Elective 1,4,major_elective,hell_electives,4,HELL-UA 100,,varies,,major
hellenic-studies-ba,Hellenic Studies,BA,36,128,bulletin_knowledge,ELECTIVE-2,Hellenic Studies Elective 2,4,major_elective,hell_electives,4,HELL-UA 100,,varies,,major
hellenic-studies-ba,Hellenic Studies,BA,36,128,bulletin_knowledge,ELECTIVE-3,Hellenic Studies Elective 3,4,major_elective,hell_electives,4,HELL-UA 100,,varies,,major
hellenic-studies-ba,Hellenic Studies,BA,36,128,bulletin_knowledge,ELECTIVE-4,Hellenic Studies Elective 4,4,major_elective,hell_electives,4,HELL-UA 100,,varies,,major
hellenic-studies-ba,Hellenic Studies,BA,36,128,bulletin_knowledge,FREE-ELECTIVE-1,Free Elective 1,4,major_elective,,0,,,both,,major
hellenic-studies-ba,Hellenic Studies,BA,36,128,bulletin_knowledge,FREE-ELECTIVE-2,Free Elective 2,4,major_elective,,0,,,both,,major
hellenic-studies-ba,Hellenic Studies,BA,36,128,bulletin_knowledge,FREE-ELECTIVE-3,Free Elective 3,4,major_elective,,0,,,both,,major
hellenic-studies-ba,Hellenic Studies,BA,36,128,bulletin_knowledge,FREE-ELECTIVE-4,Free Elective 4,4,major_elective,,0,,,both,,major
hellenic-studies-ba,Hellenic Studies,BA,36,128,bulletin_knowledge,FREE-ELECTIVE-5,Free Elective 5,4,major_elective,,0,,,both,,major
hellenic-studies-ba,Hellenic Studies,BA,36,128,bulletin_knowledge,FREE-ELECTIVE-6,Free Elective 6,4,major_elective,,0,,,both,,major
hellenic-studies-ba,Hellenic Studies,BA,36,128,bulletin_knowledge,FREE-ELECTIVE-7,Free Elective 7,4,major_elective,,0,,,both,,major
hellenic-studies-ba,Hellenic Studies,BA,36,128,bulletin_knowledge,FREE-ELECTIVE-8,Free Elective 8,4,major_elective,,0,,,both,,major
hellenic-studies-ba,Hellenic Studies,BA,36,128,bulletin_knowledge,FREE-ELECTIVE-9,Free Elective 9,4,major_elective,,0,,,both,,major
hellenic-studies-ba,Hellenic Studies,BA,36,128,bulletin_knowledge,FREE-ELECTIVE-10,Free Elective 10,4,major_elective,,0,,,both,,major
hellenic-studies-ba,Hellenic Studies,BA,36,128,bulletin_knowledge,FREE-ELECTIVE-11,Free Elective 11,4,major_elective,,0,,,both,,major
classical-civilization-ba,Classical Civilization,BA,36,128,bulletin_knowledge,FIRST-YEAR-SEMINAR,First-Year Seminar,4,gen_ed,,0,,,fall,College Core Curriculum requirement,major
classical-civilization-ba,Classical Civilization,BA,36,128,bulletin_knowledge,EXPOS-UA 1,Writing as Inquiry,4,gen_ed,,0,,,both,College Core Curriculum requirement,major
classical-civilization-ba,Classical Civilization,BA,36,128,bulletin_knowledge,LANG-LEVEL-1,Foreign Language I,4,gen_ed,,0,,,both,College Core Curriculum requirement,major
classical-civilization-ba,Classical Civilization,BA,36,128,bulletin_knowledge,LANG-LEVEL-2,Foreign Language II,4,gen_ed,,0,,,both,College Core Curriculum requirement,major
classical-civilization-ba,Classical Civilization,BA,36,128,bulletin_knowledge,LANG-LEVEL-3,Foreign Language III,4,gen_ed,,0,,,both,College Core Curriculum requirement,major
classical-civilization-ba,Classical Civilization,BA,36,128,bulletin_knowledge,LANG-LEVEL-4,Foreign Language IV (Intermediate),4,gen_ed,,0,,,both,College Core Curriculum requirement,major
classical-civilization-ba,Classical Civilization,BA,36,128,bulletin_knowledge,CORE-TEXTS,Texts and Ideas,4,gen_ed,,0,,,both,College Core Curriculum requirement,major
classical-civilization-ba,Classical Civilization,BA,36,128,bulletin_knowledge,CORE-CULTURES,Cultures and Contexts,4,gen_ed,,0,,,both,College Core Curriculum requirement,major
classical-civilization-ba,Classical Civilization,BA,36,128,bulletin_knowledge,CORE-EXPRESSIVE,Expressive Culture,4,gen_ed,,0,,,both,College Core Curriculum requirement,major
classical-civilization-ba,Classical Civilization,BA,36,128,bulletin_knowledge,CORE-PHYSICAL-SCI,Physical Science,4,gen_ed,,0,,,both,College Core Curriculum requirement,major
classical-civilization-ba,Classical Civilization,BA,36,128,bulletin_knowledge,CORE-LIFE-SCI,Life Science,4,gen_ed,,0,,,both,College Core Curriculum requirement,major
classical-civilization-ba,Classical Civilization,BA,36,128,bulletin_knowledge,CLAS-UA 1,Introduction to Classical Civilization,4,core_required,,0,,,both,,major
classical-civilization-ba,Classical Civilization,BA,36,128,bulletin_knowledge,CLAS-UA 100,Greek History,4,core_required,,0,CLAS-UA 1,,both,,major
classical-civilization-ba,Classical Civilization,BA,36,128,bulletin_knowledge,CLAS-UA 101,Roman History,4,core_required,,0,CLAS-UA 1,,both,,major
classical-civilization-ba,Classical Civilization,BA,36,128,bulletin_knowledge,CLAS-UA 900,Senior Seminar,4,core_required,,0,CLAS-UA 100|CLAS-UA 101,,varies,,major
classical-civilization-ba,Classical Civilization,BA,36,128,bulletin_knowledge,ELECTIVE-1,Classical Civilization Elective 1,4,major_elective,clas_electives,4,CLAS-UA 1,,varies,,major
classical-civilization-ba,Classical Civilization,BA,36,128,bulletin_knowledge,ELECTIVE-2,Classical Civilization Elective 2,4,major_elective,clas_electives,4,CLAS-UA 1,,varies,,major
classical-civilization-ba,Classical Civilization,BA,36,128,bulletin_knowledge,ELECTIVE-3,Classical Civilization Elective 3,4,major_elective,clas_electives,4,CLAS-UA 1,,varies,,major
classical-civilization-ba,Classical Civilization,BA,36,128,bulletin_knowledge,ELECTIVE-4,Classical Civilization Elective 4,4,major_elective,clas_electives,4,CLAS-UA 1,,varies,,major
classical-civilization-ba,Classical Civilization,BA,36,128,bulletin_knowledge,FREE-ELECTIVE-1,Free Elective 1,4,major_elective,,0,,,both,,major
classical-civilization-ba,Classical Civilization,BA,36,128,bulletin_knowledge,FREE-ELECTIVE-2,Free Elective 2,4,major_elective,,0,,,both,,major
classical-civilization-ba,Classical Civilization,BA,36,128,bulletin_knowledge,FREE-ELECTIVE-3,Free Elective 3,4,major_elective,,0,,,both,,major
classical-civilization-ba,Classical Civilization,BA,36,128,bulletin_knowledge,FREE-ELECTIVE-4,Free Elective 4,4,major_elective,,0,,,both,,major
classical-civilization-ba,Classical Civilization,BA,36,128,bulletin_knowledge,FREE-ELECTIVE-5,Free Elective 5,4,major_elective,,0,,,both,,major
classical-civilization-ba,Classical Civilization,BA,36,128,bulletin_knowledge,FREE-ELECTIVE-6,Free Elective 6,4,major_elective,,0,,,both,,major
classical-civilization-ba,Classical Civilization,BA,36,128,bulletin_knowledge,FREE-ELECTIVE-7,Free Elective 7,4,major_elective,,0,,,both,,major
classical-civilization-ba,Classical Civilization,BA,36,128,bulletin_knowledge,FREE-ELECTIVE-8,Free Elective 8,4,major_elective,,0,,,both,,major
classical-civilization-ba,Classical Civilization,BA,36,128,bulletin_knowledge,FREE-ELECTIVE-9,Free Elective 9,4,major_elective,,0,,,both,,major
classical-civilization-ba,Classical Civilization,BA,36,128,bulletin_knowledge,FREE-ELECTIVE-10,Free Elective 10,4,major_elective,,0,,,both,,major
classical-civilization-ba,Classical Civilization,BA,36,128,bulletin_knowledge,FREE-ELECTIVE-11,Free Elective 11,4,major_elective,,0,,,both,,major
classics-ba,Classics,BA,48,128,bulletin_knowledge,FIRST-YEAR-SEMINAR,First-Year Seminar,4,gen_ed,,0,,,fall,College Core Curriculum requirement,major
classics-ba,Classics,BA,48,128,bulletin_knowledge,EXPOS-UA 1,Writing as Inquiry,4,gen_ed,,0,,,both,College Core Curriculum requirement,major
classics-ba,Classics,BA,48,128,bulletin_knowledge,LANG-LEVEL-1,Foreign Language I,4,gen_ed,,0,,,both,College Core Curriculum requirement,major
classics-ba,Classics,BA,48,128,bulletin_knowledge,LANG-LEVEL-2,Foreign Language II,4,gen_ed,,0,,,both,College Core Curriculum requirement,major
classics-ba,Classics,BA,48,128,bulletin_knowledge,LANG-LEVEL-3,Foreign Language III,4,gen_ed,,0,,,both,College Core Curriculum requirement,major
classics-ba,Classics,BA,48,128,bulletin_knowledge,LANG-LEVEL-4,Foreign Language IV (Intermediate),4,gen_ed,,0,,,both,College Core Curriculum requirement,major
classics-ba,Classics,BA,48,128,bulletin_knowledge,CORE-TEXTS,Texts and Ideas,4,gen_ed,,0,,,both,College Core Curriculum requirement,major
classics-ba,Classics,BA,48,128,bulletin_knowledge,CORE-CULTURES,Cultures and Contexts,4,gen_ed,,0,,,both,College Core Curriculum requirement,major
classics-ba,Classics,BA,48,128,bulletin_knowledge,CORE-EXPRESSIVE,Expressive Culture,4,gen_ed,,0,,,both,College Core Curriculum requirement,major
classics-ba,Classics,BA,48,128,bulletin_knowledge,CORE-PHYSICAL-SCI,Physical Science,4,gen_ed,,0,,,both,College Core Curriculum requirement,major
classics-ba,Classics,BA,48,128,bulletin_knowledge,CORE-LIFE-SCI,Life Science,4,gen_ed,,0,,,both,College Core Curriculum requirement,major
classics-ba,Classics,BA,48,128,bulletin_knowledge,GREEK-UA 1,Elementary Ancient Greek I,4,core_required,,0,,,fall,,major
classics-ba,Classics,BA,48,128,bulletin_knowledge,GREEK-UA 2,Elementary Ancient Greek II,4,core_required,,0,GREEK-UA 1,,spring,,major
classics-ba,Classics,BA,48,128,bulletin_knowledge,LATIN-UA 1,Elementary Latin I,4,core_required,,0,,,fall,,major
classics-ba,Classics,BA,48,128,bulletin_knowledge,LATIN-UA 2,Elementary Latin II,4,core_required,,0,LATIN-UA 1,,spring,,major
classics-ba,Classics,BA,48,128,bulletin_knowledge,CLAS-UA 1,Introduction to Classical Civilization,4,core_required,,0,,,both,,major
classics-ba,Classics,BA,48,128,bulletin_knowledge,CLAS-UA 900,Senior Seminar,4,core_required,,0,CLAS-UA 1,,varies,,major
classics-ba,Classics,BA,48,128,bulletin_knowledge,ELECTIVE-1,Classics Elective 1,4,major_elective,class_electives,6,CLAS-UA 1,,varies,,major
classics-ba,Classics,BA,48,128,bulletin_knowledge,ELECTIVE-2,Classics Elective 2,4,major_elective,class_electives,6,CLAS-UA 1,,varies,,major
classics-ba,Classics,BA,48,128,bulletin_knowledge,ELECTIVE-3,Classics Elective 3,4,major_elective,class_electives,6,CLAS-UA 1,,varies,,major
classics-ba,Classics,BA,48,128,bulletin_knowledge,ELECTIVE-4,Classics Elective 4,4,major_elective,class_electives,6,CLAS-UA 1,,varies,,major
classics-ba,Classics,BA,48,128,bulletin_knowledge,ELECTIVE-5,Classics Elective 5,4,major_elective,class_electives,6,CLAS-UA 1,,varies,,major
classics-ba,Classics,BA,48,128,bulletin_knowledge,ELECTIVE-6,Classics Elective 6,4,major_elective,class_electives,6,CLAS-UA 1,,varies,,major
classics-ba,Classics,BA,48,128,bulletin_knowledge,FREE-ELECTIVE-1,Free Elective 1,4,major_elective,,0,,,both,,major
classics-ba,Classics,BA,48,128,bulletin_knowledge,FREE-ELECTIVE-2,Free Elective 2,4,major_elective,,0,,,both,,major
classics-ba,Classics,BA,48,128,bulletin_knowledge,FREE-ELECTIVE-3,Free Elective 3,4,major_elective,,0,,,both,,major
classics-ba,Classics,BA,48,128,bulletin_knowledge,FREE-ELECTIVE-4,Free Elective 4,4,major_elective,,0,,,both,,major
classics-ba,Classics,BA,48,128,bulletin_knowledge,FREE-ELECTIVE-5,Free Elective 5,4,major_elective,,0,,,both,,major
classics-ba,Classics,BA,48,128,bulletin_knowledge,FREE-ELECTIVE-6,Free Elective 6,4,major_elective,,0,,,both,,major
classics-ba,Classics,BA,48,128,bulletin_knowledge,FREE-ELECTIVE-7,Free Elective 7,4,major_elective,,0,,,both,,major
classics-ba,Classics,BA,48,128,bulletin_knowledge,FREE-ELECTIVE-8,Free Elective 8,4,major_elective,,0,,,both,,major
classics-ba,Classics,BA,48,128,bulletin_knowledge,FREE-ELECTIVE-9,Free Elective 9,4,major_elective,,0,,,both,,major
classics-ba,Classics,BA,48,128,bulletin_knowledge,FREE-ELECTIVE-10,Free Elective 10,4,major_elective,,0,,,both,,major
classics-ba,Classics,BA,48,128,bulletin_knowledge,FREE-ELECTIVE-11,Free Elective 11,4,major_elective,,0,,,both,,major
dramatic-literature-theatre-history-cinema-ba,"Dramatic Literature, Theatre History, and Cinema",BA,36,128,bulletin_knowledge,FIRST-YEAR-SEMINAR,First-Year Seminar,4,gen_ed,,0,,,fall,College Core Curriculum requirement,major
dramatic-literature-theatre-history-cinema-ba,"Dramatic Literature, Theatre History, and Cinema",BA,36,128,bulletin_knowledge,EXPOS-UA 1,Writing as Inquiry,4,gen_ed,,0,,,both,College Core Curriculum requirement,major
dramatic-literature-theatre-history-cinema-ba,"Dramatic Literature, Theatre History, and Cinema",BA,36,128,bulletin_knowledge,LANG-LEVEL-1,Foreign Language I,4,gen_ed,,0,,,both,College Core Curriculum requirement,major
dramatic-literature-theatre-history-cinema-ba,"Dramatic Literature, Theatre History, and Cinema",BA,36,128,bulletin_knowledge,LANG-LEVEL-2,Foreign Language II,4,gen_ed,,0,,,both,College Core Curriculum requirement,major
dramatic-literature-theatre-history-cinema-ba,"Dramatic Literature, Theatre History, and Cinema",BA,36,128,bulletin_knowledge,LANG-LEVEL-3,Foreign Language III,4,gen_ed,,0,,,both,College Core Curriculum requirement,major
dramatic-literature-theatre-history-cinema-ba,"Dramatic Literature, Theatre History, and Cinema",BA,36,128,bulletin_knowledge,LANG-LEVEL-4,Foreign Language IV (Intermediate),4,gen_ed,,0,,,both,College Core Curriculum requirement,major
dramatic-literature-theatre-history-cinema-ba,"Dramatic Literature, Theatre History, and Cinema",BA,36,128,bulletin_knowledge,CORE-TEXTS,Texts and Ideas,4,gen_ed,,0,,,both,College Core Curriculum requirement,major
dramatic-literature-theatre-history-cinema-ba,"Dramatic Literature, Theatre History, and Cinema",BA,36,128,bulletin_knowledge,CORE-CULTURES,Cultures and Contexts,4,gen_ed,,0,,,both,College Core Curriculum requirement,major
dramatic-literature-theatre-history-cinema-ba,"Dramatic Literature, Theatre History, and Cinema",BA,36,128,bulletin_knowledge,CORE-EXPRESSIVE,Expressive Culture,4,gen_ed,,0,,,both,College Core Curriculum requirement,major
dramatic-literature-theatre-history-cinema-ba,"Dramatic Literature, Theatre History, and Cinema",BA,36,128,bulletin_knowledge,CORE-PHYSICAL-SCI,Physical Science,4,gen_ed,,0,,,both,College Core Curriculum requirement,major
dramatic-literature-theatre-history-cinema-ba,"Dramatic Literature, Theatre History, and Cinema",BA,36,128,bulletin_knowledge,CORE-LIFE-SCI,Life Science,4,gen_ed,,0,,,both,College Core Curriculum requirement,major
dramatic-literature-theatre-history-cinema-ba,"Dramatic Literature, Theatre History, and Cinema",BA,36,128,bulletin_knowledge,DLIT-UA 1,Introduction to Drama and Theatre,4,core_required,,0,,,both,,major
dramatic-literature-theatre-history-cinema-ba,"Dramatic Literature, Theatre History, and Cinema",BA,36,128,bulletin_knowledge,CINE-UA 1,Introduction to Cinema Studies,4,core_required,,0,,,both,,major
dramatic-literature-theatre-history-cinema-ba,"Dramatic Literature, Theatre History, and Cinema",BA,36,128,bulletin_knowledge,DLIT-UA 200,History of Western Drama,4,core_required,,0,DLIT-UA 1,,both,,major
dramatic-literature-theatre-history-cinema-ba,"Dramatic Literature, Theatre History, and Cinema",BA,36,128,bulletin_knowledge,DLIT-UA 900,Senior Seminar,4,core_required,,0,DLIT-UA 200,,varies,,major
dramatic-literature-theatre-history-cinema-ba,"Dramatic Literature, Theatre History, and Cinema",BA,36,128,bulletin_knowledge,ELECTIVE-1,"Dramatic Literature, Theatre History, and Cinema Elective 1",4,major_elective,dlit_electives,4,DLIT-UA 1,,varies,,major
dramatic-literature-theatre-history-cinema-ba,"Dramatic Literature, Theatre History, and Cinema",BA,36,128,bulletin_knowledge,ELECTIVE-2,"Dramatic Literature, Theatre History, and Cinema Elective 2",4,major_elective,dlit_electives,4,DLIT-UA 1,,varies,,major
dramatic-literature-theatre-history-cinema-ba,"Dramatic Literature, Theatre History, and Cinema",BA,36,128,bulletin_knowledge,ELECTIVE-3,"Dramatic Literature, Theatre History, and Cinema Elective 3",4,major_elective,dlit_electives,4,DLIT-UA 1,,varies,,major
dramatic-literature-theatre-history-cinema-ba,"Dramatic Literature, Theatre History, and Cinema",BA,36,128,bulletin_knowledge,ELECTIVE-4,"Dramatic Literature, Theatre History, and Cinema Elective 4",4,major_elective,dlit_electives,4,DLIT-UA 1,,varies,,major
dramatic-literature-theatre-history-cinema-ba,"Dramatic Literature, Theatre History, and Cinema",BA,36,128,bulletin_knowledge,FREE-ELECTIVE-1,Free Elective 1,4,major_elective,,0,,,both,,major
dramatic-literature-theatre-history-cinema-ba,"Dramatic Literature, Theatre History, and Cinema",BA,36,128,bulletin_knowledge,FREE-ELECTIVE-2,Free Elective 2,4,major_elective,,0,,,both,,major
dramatic-literature-theatre-history-cinema-ba,"Dramatic Literature, Theatre History, and Cinema",BA,36,128,bulletin_knowledge,FREE-ELECTIVE-3,Free Elective 3,4,major_elective,,0,,,both,,major
dramatic-literature-theatre-history-cinema-ba,"Dramatic Literature, Theatre History, and Cinema",BA,36,128,bulletin_knowledge,FREE-ELECTIVE-4,Free Elective 4,4,major_elective,,0,,,both,,major
dramatic-literature-theatre-history-cinema-ba,"Dramatic Literature, Theatre History, and Cinema",BA,36,128,bulletin_knowledge,FREE-ELECTIVE-5,Free Elective 5,4,major_elective,,0,,,both,,major
dramatic-literature-theatre-history-cinema-ba,"Dramatic Literature, Theatre History, and Cinema",BA,36,128,bulletin_knowledge,FREE-ELECTIVE-6,Free Elective 6,4,major_elective,,0,,,both,,major
dramatic-literature-theatre-history-cinema-ba,"Dramatic Literature, Theatre History, and Cinema",BA,36,128,bulletin_knowledge,FREE-ELECTIVE-7,Free Elective 7,4,major_elective,,0,,,both,,major
dramatic-literature-theatre-history-cinema-ba,"Dramatic Literature, Theatre History, and Cinema",BA,36,128,bulletin_knowledge,FREE-ELECTIVE-8,Free Elective 8,4,major_elective,,0,,,both,,major
dramatic-literature-theatre-history-cinema-ba,"Dramatic Literature, Theatre History, and Cinema",BA,36,128,bulletin_knowledge,FREE-ELECTIVE-9,Free Elective 9,4,major_elective,,0,,,both,,major
dramatic-literature-theatre-history-cinema-ba,"Dramatic Literature, Theatre History, and Cinema",BA,36,128,bulletin_knowledge,FREE-ELECTIVE-10,Free Elective 10,4,major_elective,,0,,,both,,major
dramatic-literature-theatre-history-cinema-ba,"Dramatic Literature, Theatre History, and Cinema",BA,36,128,bulletin_knowledge,FREE-ELECTIVE-11,Free Elective 11,4,major_elective,,0,,,both,,major
asian-pacific-american-studies-ba,Asian/Pacific/American Studies,BA,36,128,bulletin_knowledge,FIRST-YEAR-SEMINAR,First-Year Seminar,4,gen_ed,,0,,,fall,College Core Curriculum requirement,major
asian-pacific-american-studies-ba,Asian/Pacific/American Studies,BA,36,128,bulletin_knowledge,EXPOS-UA 1,Writing as Inquiry,4,gen_ed,,0,,,both,College Core Curriculum requirement,major
asian-pacific-american-studies-ba,Asian/Pacific/American Studies,BA,36,128,bulletin_knowledge,LANG-LEVEL-1,Foreign Language I,4,gen_ed,,0,,,both,College Core Curriculum requirement,major
asian-pacific-american-studies-ba,Asian/Pacific/American Studies,BA,36,128,bulletin_knowledge,LANG-LEVEL-2,Foreign Language II,4,gen_ed,,0,,,both,College Core Curriculum requirement,major
asian-pacific-american-studies-ba,Asian/Pacific/American Studies,BA,36,128,bulletin_knowledge,LANG-LEVEL-3,Foreign Language III,4,gen_ed,,0,,,both,College Core Curriculum requirement,major
asian-pacific-american-studies-ba,Asian/Pacific/American Studies,BA,36,128,bulletin_knowledge,LANG-LEVEL-4,Foreign Language IV (Intermediate),4,gen_ed,,0,,,both,College Core Curriculum requirement,major
asian-pacific-american-studies-ba,Asian/Pacific/American Studies,BA,36,128,bulletin_knowledge,CORE-TEXTS,Texts and Ideas,4,gen_ed,,0,,,both,College Core Curriculum requirement,major
asian-pacific-american-studies-ba,Asian/Pacific/American Studies,BA,36,128,bulletin_knowledge,CORE-CULTURES,Cultures and Contexts,4,gen_ed,,0,,,both,College Core Curriculum requirement,major
asian-pacific-american-studies-ba,Asian/Pacific/American Studies,BA,36,128,bulletin_knowledge,CORE-EXPRESSIVE,Expressive Culture,4,gen_ed,,0,,,both,College Core Curriculum requirement,major
asian-pacific-american-studies-ba,Asian/Pacific/American Studies,BA,36,128,bulletin_knowledge,CORE-PHYSICAL-SCI,Physical Science,4,gen_ed,,0,,,both,College Core Curriculum requirement,major
asian-pacific-american-studies-ba,Asian/Pacific/American Studies,BA,36,128,bulletin_knowledge,CORE-LIFE-SCI,Life Science,4,gen_ed,,0,,,both,College Core Curriculum requirement,major
asian-pacific-american-studies-ba,Asian/Pacific/American Studies,BA,36,128,bulletin_knowledge,APAM-UA 1,Introduction to Asian/Pacific/American Studies,4,core_required,,0,,,both,,major
asian-pacific-american-studies-ba,Asian/Pacific/American Studies,BA,36,128,bulletin_knowledge,APAM-UA 200,Methods and Theory,4,core_required,,0,APAM-UA 1,,both,,major
asian-pacific-american-studies-ba,Asian/Pacific/American Studies,BA,36,128,bulletin_knowledge,APAM-UA 900,Senior Seminar,4,core_required,,0,APAM-UA 200,,varies,,major
asian-pacific-american-studies-ba,Asian/Pacific/American Studies,BA,36,128,bulletin_knowledge,ELECTIVE-1,Asian/Pacific/American Studies Elective 1,4,major_elective,apam_electives,4,APAM-UA 1,,varies,,major
asian-pacific-american-studies-ba,Asian/Pacific/American Studies,BA,36,128,bulletin_knowledge,ELECTIVE-2,Asian/Pacific/American Studies Elective 2,4,major_elective,apam_electives,4,APAM-UA 1,,varies,,major
asian-pacific-american-studies-ba,Asian/Pacific/American Studies,BA,36,128,bulletin_knowledge,ELECTIVE-3,Asian/Pacific/American Studies Elective 3,4,major_elective,apam_electives,4,APAM-UA 1,,varies,,major
asian-pacific-american-studies-ba,Asian/Pacific/American Studies,BA,36,128,bulletin_knowledge,ELECTIVE-4,Asian/Pacific/American Studies Elective 4,4,major_elective,apam_electives,4,APAM-UA 1,,varies,,major
asian-pacific-american-studies-ba,Asian/Pacific/American Studies,BA,36,128,bulletin_knowledge,FREE-ELECTIVE-1,Free Elective 1,4,major_elective,,0,,,both,,major
asian-pacific-american-studies-ba,Asian/Pacific/American Studies,BA,36,128,bulletin_knowledge,FREE-ELECTIVE-2,Free Elective 2,4,major_elective,,0,,,both,,major
asian-pacific-american-studies-ba,Asian/Pacific/American Studies,BA,36,128,bulletin_knowledge,FREE-ELECTIVE-3,Free Elective 3,4,major_elective,,0,,,both,,major
asian-pacific-american-studies-ba,Asian/Pacific/American Studies,BA,36,128,bulletin_knowledge,FREE-ELECTIVE-4,Free Elective 4,4,major_elective,,0,,,both,,major
asian-pacific-american-studies-ba,Asian/Pacific/American Studies,BA,36,128,bulletin_knowledge,FREE-ELECTIVE-5,Free Elective 5,4,major_elective,,0,,,both,,major
asian-pacific-american-studies-ba,Asian/Pacific/American Studies,BA,36,128,bulletin_knowledge,FREE-ELECTIVE-6,Free Elective 6,4,major_elective,,0,,,both,,major
asian-pacific-american-studies-ba,Asian/Pacific/American Studies,BA,36,128,bulletin_knowledge,FREE-ELECTIVE-7,Free Elective 7,4,major_elective,,0,,,both,,major
asian-pacific-american-studies-ba,Asian/Pacific/American Studies,BA,36,128,bulletin_knowledge,FREE-ELECTIVE-8,Free Elective 8,4,major_elective,,0,,,both,,major
asian-pacific-american-studies-ba,Asian/Pacific/American Studies,BA,36,128,bulletin_knowledge,FREE-ELECTIVE-9,Free Elective 9,4,major_elective,,0,,,both,,major
asian-pacific-american-studies-ba,Asian/Pacific/American Studies,BA,36,128,bulletin_knowledge,FREE-ELECTIVE-10,Free Elective 10,4,major_elective,,0,,,both,,major
asian-pacific-american-studies-ba,Asian/Pacific/American Studies,BA,36,128,bulletin_knowledge,FREE-ELECTIVE-11,Free Elective 11,4,major_elective,,0,,,both,,major
anthropology-classical-civilization-ba,Anthropology and Classical Civilization,BA,52,128,bulletin_knowledge,FIRST-YEAR-SEMINAR,First-Year Seminar,4,gen_ed,,0,,,fall,College Core Curriculum requirement,major
anthropology-classical-civilization-ba,Anthropology and Classical Civilization,BA,52,128,bulletin_knowledge,EXPOS-UA 1,Writing as Inquiry,4,gen_ed,,0,,,both,College Core Curriculum requirement,major
anthropology-classical-civilization-ba,Anthropology and Classical Civilization,BA,52,128,bulletin_knowledge,LANG-LEVEL-1,Foreign Language I,4,gen_ed,,0,,,both,College Core Curriculum requirement,major
anthropology-classical-civilization-ba,Anthropology and Classical Civilization,BA,52,128,bulletin_knowledge,LANG-LEVEL-2,Foreign Language II,4,gen_ed,,0,,,both,College Core Curriculum requirement,major
anthropology-classical-civilization-ba,Anthropology and Classical Civilization,BA,52,128,bulletin_knowledge,LANG-LEVEL-3,Foreign Language III,4,gen_ed,,0,,,both,College Core Curriculum requirement,major
anthropology-classical-civilization-ba,Anthropology and Classical Civilization,BA,52,128,bulletin_knowledge,LANG-LEVEL-4,Foreign Language IV (Intermediate),4,gen_ed,,0,,,both,College Core Curriculum requirement,major
anthropology-classical-civilization-ba,Anthropology and Classical Civilization,BA,52,128,bulletin_knowledge,CORE-TEXTS,Texts and Ideas,4,gen_ed,,0,,,both,College Core Curriculum requirement,major
anthropology-classical-civilization-ba,Anthropology and Classical Civilization,BA,52,128,bulletin_knowledge,CORE-CULTURES,Cultures and Contexts,4,gen_ed,,0,,,both,College Core Curriculum requirement,major
anthropology-classical-civilization-ba,Anthropology and Classical Civilization,BA,52,128,bulletin_knowledge,CORE-EXPRESSIVE,Expressive Culture,4,gen_ed,,0,,,both,College Core Curriculum requirement,major
anthropology-classical-civilization-ba,Anthropology and Classical Civilization,BA,52,128,bulletin_knowledge,CORE-PHYSICAL-SCI,Physical Science,4,gen_ed,,0,,,both,College Core Curriculum requirement,major
anthropology-classical-civilization-ba,Anthropology and Classical Civilization,BA,52,128,bulletin_knowledge,CORE-LIFE-SCI,Life Science,4,gen_ed,,0,,,both,College Core Curriculum requirement,major
anthropology-classical-civilization-ba,Anthropology and Classical Civilization,BA,52,128,bulletin_knowledge,ANTH-UA 1,Introduction to Cultural Anthropology,4,core_required,,0,,,both,,major
anthropology-classical-civilization-ba,Anthropology and Classical Civilization,BA,52,128,bulletin_knowledge,ANTH-UA 101,Ethnographic Methods,4,core_required,,0,ANTH-UA 1,,both,,major
anthropology-classical-civilization-ba,Anthropology and Classical Civilization,BA,52,128,bulletin_knowledge,CLAS-UA 1,Introduction to Classical Civilization,4,core_required,,0,,,both,,major
anthropology-classical-civilization-ba,Anthropology and Classical Civilization,BA,52,128,bulletin_knowledge,ANTH-UA 900,Senior Seminar,4,core_required,,0,ANTH-UA 101,,varies,,major
anthropology-classical-civilization-ba,Anthropology and Classical Civilization,BA,52,128,bulletin_knowledge,ELECTIVE-1,Anthropology and Classical Civilization Elective 1,4,major_elective,anthclas_electives,4,ANTH-UA 1,,varies,,major
anthropology-classical-civilization-ba,Anthropology and Classical Civilization,BA,52,128,bulletin_knowledge,ELECTIVE-2,Anthropology and Classical Civilization Elective 2,4,major_elective,anthclas_electives,4,ANTH-UA 1,,varies,,major
anthropology-classical-civilization-ba,Anthropology and Classical Civilization,BA,52,128,bulletin_knowledge,ELECTIVE-3,Anthropology and Classical Civilization Elective 3,4,major_elective,anthclas_electives,4,ANTH-UA 1,,varies,,major
anthropology-classical-civilization-ba,Anthropology and Classical Civilization,BA,52,128,bulletin_knowledge,ELECTIVE-4,Anthropology and Classical Civilization Elective 4,4,major_elective,anthclas_electives,4,ANTH-UA 1,,varies,,major
anthropology-classical-civilization-ba,Anthropology and Classical Civilization,BA,52,128,bulletin_knowledge,FREE-ELECTIVE-1,Free Elective 1,4,major_elective,,0,,,both,,major
anthropology-classical-civilization-ba,Anthropology and Classical Civilization,BA,52,128,bulletin_knowledge,FREE-ELECTIVE-2,Free Elective 2,4,major_elective,,0,,,both,,major
anthropology-classical-civilization-ba,Anthropology and Classical Civilization,BA,52,128,bulletin_knowledge,FREE-ELECTIVE-3,Free Elective 3,4,major_elective,,0,,,both,,major
anthropology-classical-civilization-ba,Anthropology and Classical Civilization,BA,52,128,bulletin_knowledge,FREE-ELECTIVE-4,Free Elective 4,4,major_elective,,0,,,both,,major
anthropology-classical-civilization-ba,Anthropology and Classical Civilization,BA,52,128,bulletin_knowledge,FREE-ELECTIVE-5,Free Elective 5,4,major_elective,,0,,,both,,major
anthropology-classical-civilization-ba,Anthropology and Classical Civilization,BA,52,128,bulletin_knowledge,FREE-ELECTIVE-6,Free Elective 6,4,major_elective,,0,,,both,,major
anthropology-classical-civilization-ba,Anthropology and Classical Civilization,BA,52,128,bulletin_knowledge,FREE-ELECTIVE-7,Free Elective 7,4,major_elective,,0,,,both,,major
anthropology-classical-civilization-ba,Anthropology and Classical Civilization,BA,52,128,bulletin_knowledge,FREE-ELECTIVE-8,Free Elective 8,4,major_elective,,0,,,both,,major
anthropology-classical-civilization-ba,Anthropology and Classical Civilization,BA,52,128,bulletin_knowledge,FREE-ELECTIVE-9,Free Elective 9,4,major_elective,,0,,,both,,major
anthropology-classical-civilization-ba,Anthropology and Classical Civilization,BA,52,128,bulletin_knowledge,FREE-ELECTIVE-10,Free Elective 10,4,major_elective,,0,,,both,,major
anthropology-classical-civilization-ba,Anthropology and Classical Civilization,BA,52,128,bulletin_knowledge,FREE-ELECTIVE-11,Free Elective 11,4,major_elective,,0,,,both,,major
anthropology-linguistics-ba,Anthropology and Linguistics,BA,52,128,bulletin_knowledge,FIRST-YEAR-SEMINAR,First-Year Seminar,4,gen_ed,,0,,,fall,College Core Curriculum requirement,major
anthropology-linguistics-ba,Anthropology and Linguistics,BA,52,128,bulletin_knowledge,EXPOS-UA 1,Writing as Inquiry,4,gen_ed,,0,,,both,College Core Curriculum requirement,major
anthropology-linguistics-ba,Anthropology and Linguistics,BA,52,128,bulletin_knowledge,LANG-LEVEL-1,Foreign Language I,4,gen_ed,,0,,,both,College Core Curriculum requirement,major
anthropology-linguistics-ba,Anthropology and Linguistics,BA,52,128,bulletin_knowledge,LANG-LEVEL-2,Foreign Language II,4,gen_ed,,0,,,both,College Core Curriculum requirement,major
anthropology-linguistics-ba,Anthropology and Linguistics,BA,52,128,bulletin_knowledge,LANG-LEVEL-3,Foreign Language III,4,gen_ed,,0,,,both,College Core Curriculum requirement,major
anthropology-linguistics-ba,Anthropology and Linguistics,BA,52,128,bulletin_knowledge,LANG-LEVEL-4,Foreign Language IV (Intermediate),4,gen_ed,,0,,,both,College Core Curriculum requirement,major
anthropology-linguistics-ba,Anthropology and Linguistics,BA,52,128,bulletin_knowledge,CORE-TEXTS,Texts and Ideas,4,gen_ed,,0,,,both,College Core Curriculum requirement,major
anthropology-linguistics-ba,Anthropology and Linguistics,BA,52,128,bulletin_knowledge,CORE-CULTURES,Cultures and Contexts,4,gen_ed,,0,,,both,College Core Curriculum requirement,major
anthropology-linguistics-ba,Anthropology and Linguistics,BA,52,128,bulletin_knowledge,CORE-EXPRESSIVE,Expressive Culture,4,gen_ed,,0,,,both,College Core Curriculum requirement,major
anthropology-linguistics-ba,Anthropology and Linguistics,BA,52,128,bulletin_knowledge,CORE-PHYSICAL-SCI,Physical Science,4,gen_ed,,0,,,both,College Core Curriculum requirement,major
anthropology-linguistics-ba,Anthropology and Linguistics,BA,52,128,bulletin_knowledge,CORE-LIFE-SCI,Life Science,4,gen_ed,,0,,,both,College Core Curriculum requirement,major
anthropology-linguistics-ba,Anthropology and Linguistics,BA,52,128,bulletin_knowledge,ANTH-UA 1,Introduction to Cultural Anthropology,4,core_required,,0,,,both,,major
anthropology-linguistics-ba,Anthropology and Linguistics,BA,52,128,bulletin_knowledge,ANTH-UA 101,Ethnographic Methods,4,core_required,,0,ANTH-UA 1,,both,,major
anthropology-linguistics-ba,Anthropology and Linguistics,BA,52,128,bulletin_knowledge,LING-UA 1,Language and Mind,4,core_required,,0,,,both,,major
anthropology-linguistics-ba,Anthropology and Linguistics,BA,52,128,bulletin_knowledge,LING-UA 11,Phonetics and Phonology,4,core_required,,0,LING-UA 1,,both,,major
anthropology-linguistics-ba,Anthropology and Linguistics,BA,52,128,bulletin_knowledge,LING-UA 13,Morphology and Syntax,4,core_required,,0,LING-UA 1,,both,,major
anthropology-linguistics-ba,Anthropology and Linguistics,BA,52,128,bulletin_knowledge,ELECTIVE-1,Anthropology and Linguistics Elective 1,4,major_elective,anthling_electives,4,ANTH-UA 1|LING-UA 1,,varies,,major
anthropology-linguistics-ba,Anthropology and Linguistics,BA,52,128,bulletin_knowledge,ELECTIVE-2,Anthropology and Linguistics Elective 2,4,major_elective,anthling_electives,4,ANTH-UA 1|LING-UA 1,,varies,,major
anthropology-linguistics-ba,Anthropology and Linguistics,BA,52,128,bulletin_knowledge,ELECTIVE-3,Anthropology and Linguistics Elective 3,4,major_elective,anthling_electives,4,ANTH-UA 1|LING-UA 1,,varies,,major
anthropology-linguistics-ba,Anthropology and Linguistics,BA,52,128,bulletin_knowledge,ELECTIVE-4,Anthropology and Linguistics Elective 4,4,major_elective,anthling_electives,4,ANTH-UA 1|LING-UA 1,,varies,,major
anthropology-linguistics-ba,Anthropology and Linguistics,BA,52,128,bulletin_knowledge,FREE-ELECTIVE-1,Free Elective 1,4,major_elective,,0,,,both,,major
anthropology-linguistics-ba,Anthropology and Linguistics,BA,52,128,bulletin_knowledge,FREE-ELECTIVE-2,Free Elective 2,4,major_elective,,0,,,both,,major
anthropology-linguistics-ba,Anthropology and Linguistics,BA,52,128,bulletin_knowledge,FREE-ELECTIVE-3,Free Elective 3,4,major_elective,,0,,,both,,major
anthropology-linguistics-ba,Anthropology and Linguistics,BA,52,128,bulletin_knowledge,FREE-ELECTIVE-4,Free Elective 4,4,major_elective,,0,,,both,,major
anthropology-linguistics-ba,Anthropology and Linguistics,BA,52,128,bulletin_knowledge,FREE-ELECTIVE-5,Free Elective 5,4,major_elective,,0,,,both,,major
anthropology-linguistics-ba,Anthropology and Linguistics,BA,52,128,bulletin_knowledge,FREE-ELECTIVE-6,Free Elective 6,4,major_elective,,0,,,both,,major
anthropology-linguistics-ba,Anthropology and Linguistics,BA,52,128,bulletin_knowledge,FREE-ELECTIVE-7,Free Elective 7,4,major_elective,,0,,,both,,major
anthropology-linguistics-ba,Anthropology and Linguistics,BA,52,128,bulletin_knowledge,FREE-ELECTIVE-8,Free Elective 8,4,major_elective,,0,,,both,,major
anthropology-linguistics-ba,Anthropology and Linguistics,BA,52,128,bulletin_knowledge,FREE-ELECTIVE-9,Free Elective 9,4,major_elective,,0,,,both,,major
anthropology-linguistics-ba,Anthropology and Linguistics,BA,52,128,bulletin_knowledge,FREE-ELECTIVE-10,Free Elective 10,4,major_elective,,0,,,both,,major
anthropology-linguistics-ba,Anthropology and Linguistics,BA,52,128,bulletin_knowledge,FREE-ELECTIVE-11,Free Elective 11,4,major_elective,,0,,,both,,major
chemistry-bs,Chemistry,BS,74,128,bulletin_knowledge,FIRST-YEAR-SEMINAR,First-Year Seminar,4,gen_ed,,0,,,fall,College Core Curriculum requirement,major
chemistry-bs,Chemistry,BS,74,128,bulletin_knowledge,EXPOS-UA 1,Writing as Inquiry,4,gen_ed,,0,,,both,College Core Curriculum requirement,major
chemistry-bs,Chemistry,BS,74,128,bulletin_knowledge,LANG-LEVEL-1,Foreign Language I,4,gen_ed,,0,,,both,College Core Curriculum requirement,major
chemistry-bs,Chemistry,BS,74,128,bulletin_knowledge,LANG-LEVEL-2,Foreign Language II,4,gen_ed,,0,,,both,College Core Curriculum requirement,major
chemistry-bs,Chemistry,BS,74,128,bulletin_knowledge,LANG-LEVEL-3,Foreign Language III,4,gen_ed,,0,,,both,College Core Curriculum requirement,major
chemistry-bs,Chemistry,BS,74,128,bulletin_knowledge,LANG-LEVEL-4,Foreign Language IV,4,gen_ed,,0,,,both,College Core Curriculum requirement,major
chemistry-bs,Chemistry,BS,74,128,bulletin_knowledge,CORE-TEXTS,Texts and Ideas,4,gen_ed,,0,,,both,College Core Curriculum requirement,major
chemistry-bs,Chemistry,BS,74,128,bulletin_knowledge,CORE-CULTURES,Cultures and Contexts,4,gen_ed,,0,,,both,College Core Curriculum requirement,major
chemistry-bs,Chemistry,BS,74,128,bulletin_knowledge,CORE-EXPRESSIVE,Expressive Culture,4,gen_ed,,0,,,both,College Core Curriculum requirement,major
chemistry-bs,Chemistry,BS,74,128,bulletin_knowledge,CORE-SOC-SCI,Societies and the Social Sciences,4,gen_ed,,0,,,both,College Core Curriculum requirement,major
chemistry-bs,Chemistry,BS,74,128,bulletin_knowledge,CHEM-UA 125,General Chemistry I & Laboratory,5,core_required,,0,,,both,,major
chemistry-bs,Chemistry,BS,74,128,bulletin_knowledge,CHEM-UA 126,General Chemistry II & Laboratory,5,core_required,,0,CHEM-UA 125,,both,,major
chemistry-bs,Chemistry,BS,74,128,bulletin_knowledge,CHEM-UA 225,Organic Chemistry I & Laboratory,5,core_required,,0,CHEM-UA 126,,both,,major
chemistry-bs,Chemistry,BS,74,128,bulletin_knowledge,CHEM-UA 226,Organic Chemistry II & Laboratory,5,core_required,,0,CHEM-UA 225,,both,,major
chemistry-bs,Chemistry,BS,74,128,bulletin_knowledge,CHEM-UA 651,Quantum Mechanics & Spectroscopy,4,core_required,,0,CHEM-UA 226|MATH-UA 122|PHYS-UA 12,,both,,major
chemistry-bs,Chemistry,BS,74,128,bulletin_knowledge,CHEM-UA 652,Thermodynamics & Kinetics,4,core_required,,0,CHEM-UA 226|MATH-UA 122|PHYS-UA 12,,both,,major
chemistry-bs,Chemistry,BS,74,128,bulletin_knowledge,CHEM-UA 661,Physical Chemistry Laboratory,4,core_required,,0,CHEM-UA 651|CHEM-UA 652,,both,,major
chemistry-bs,Chemistry,BS,74,128,bulletin_knowledge,CHEM-UA 711,Inorganic Chemistry,4,core_required,,0,CHEM-UA 226,,both,,major
chemistry-bs,Chemistry,BS,74,128,bulletin_knowledge,CHEM-UA 881,Biochemistry I,4,core_required,,0,CHEM-UA 226,,both,,major
chemistry-bs,Chemistry,BS,74,128,bulletin_knowledge,MATH-UA 121,Calculus I,4,core_required,,0,,,both,,major
chemistry-bs,Chemistry,BS,74,128,bulletin_knowledge,MATH-UA 122,Calculus II,4,core_required,,0,MATH-UA 121,,both,,major
chemistry-bs,Chemistry,BS,74,128,bulletin_knowledge,MATH-UA 123,Calculus III,4,core_required,,0,MATH-UA 122,,both,,major
chemistry-bs,Chemistry,BS,74,128,bulletin_knowledge,PHYS-UA 11,General Physics I,5,core_required,,0,MATH-UA 121,,both,,major
chemistry-bs,Chemistry,BS,74,128,bulletin_knowledge,PHYS-UA 12,General Physics II,5,core_required,,0,PHYS-UA 11,,both,,major
chemistry-bs,Chemistry,BS,74,128,bulletin_knowledge,ELECTIVE-1,Chemistry Elective 1,4,major_elective,chem_bs_electives,4,CHEM-UA 226,,varies,Advanced CHEM-UA electives (BS requires more coursework than BA),major
chemistry-bs,Chemistry,BS,74,128,bulletin_knowledge,ELECTIVE-2,Chemistry Elective 2,4,major_elective,chem_bs_electives,4,CHEM-UA 226,,varies,Advanced CHEM-UA electives (BS requires more coursework than BA),major
chemistry-bs,Chemistry,BS,74,128,bulletin_knowledge,ELECTIVE-3,Chemistry Elective 3,4,major_elective,chem_bs_electives,4,CHEM-UA 226,,varies,Advanced CHEM-UA electives (BS requires more coursework than BA),major
chemistry-bs,Chemistry,BS,74,128,bulletin_knowledge,ELECTIVE-4,Chemistry Elective 4,4,major_elective,chem_bs_electives,4,CHEM-UA 226,,varies,Advanced CHEM-UA electives (BS requires more coursework than BA),major
chemistry-bs,Chemistry,BS,74,128,bulletin_knowledge,FREE-ELECTIVE-1,Free Elective 1,4,major_elective,,0,,,both,Advanced CHEM-UA electives (BS requires more coursework than BA),major
chemistry-bs,Chemistry,BS,74,128,bulletin_knowledge,FREE-ELECTIVE-2,Free Elective 2,4,major_elective,,0,,,both,Advanced CHEM-UA electives (BS requires more coursework than BA),major
global-public-health-anthropology-ba,Global Public Health and Anthropology,BA,52,128,bulletin_knowledge,FIRST-YEAR-SEMINAR,First-Year Seminar,4,gen_ed,,0,,,fall,College Core Curriculum requirement,major
global-public-health-anthropology-ba,Global Public Health and Anthropology,BA,52,128,bulletin_knowledge,EXPOS-UA 1,Writing as Inquiry,4,gen_ed,,0,,,both,College Core Curriculum requirement,major
global-public-health-anthropology-ba,Global Public Health and Anthropology,BA,52,128,bulletin_knowledge,LANG-LEVEL-1,Foreign Language I,4,gen_ed,,0,,,both,College Core Curriculum requirement,major
global-public-health-anthropology-ba,Global Public Health and Anthropology,BA,52,128,bulletin_knowledge,LANG-LEVEL-2,Foreign Language II,4,gen_ed,,0,,,both,College Core Curriculum requirement,major
global-public-health-anthropology-ba,Global Public Health and Anthropology,BA,52,128,bulletin_knowledge,LANG-LEVEL-3,Foreign Language III,4,gen_ed,,0,,,both,College Core Curriculum requirement,major
global-public-health-anthropology-ba,Global Public Health and Anthropology,BA,52,128,bulletin_knowledge,LANG-LEVEL-4,Foreign Language IV (Intermediate),4,gen_ed,,0,,,both,College Core Curriculum requirement,major
global-public-health-anthropology-ba,Global Public Health and Anthropology,BA,52,128,bulletin_knowledge,CORE-TEXTS,Texts and Ideas,4,gen_ed,,0,,,both,College Core Curriculum requirement,major
global-public-health-anthropology-ba,Global Public Health and Anthropology,BA,52,128,bulletin_knowledge,CORE-CULTURES,Cultures and Contexts,4,gen_ed,,0,,,both,College Core Curriculum requirement,major
global-public-health-anthropology-ba,Global Public Health and Anthropology,BA,52,128,bulletin_knowledge,CORE-EXPRESSIVE,Expressive Culture,4,gen_ed,,0,,,both,College Core Curriculum requirement,major
global-public-health-anthropology-ba,Global Public Health and Anthropology,BA,52,128,bulletin_knowledge,CORE-PHYSICAL-SCI,Physical Science,4,gen_ed,,0,,,both,College Core Curriculum requirement,major
global-public-health-anthropology-ba,Global Public Health and Anthropology,BA,52,128,bulletin_knowledge,CORE-LIFE-SCI,Life Science,4,gen_ed,,0,,,both,College Core Curriculum requirement,major
global-public-health-anthropology-ba,Global Public Health and Anthropology,BA,52,128,bulletin_knowledge,UGPH-UA 1,Foundations of Global Public Health,4,core_required,,0,,,both,,major
global-public-health-anthropology-ba,Global Public Health and Anthropology,BA,52,128,bulletin_knowledge,ANTH-UA 1,Introduction to Cultural Anthropology,4,core_required,,0,,,both,,major
global-public-health-anthropology-ba,Global Public Health and Anthropology,BA,52,128,bulletin_knowledge,UGPH-UA 60,Experiential Learning,4,core_required,,0,,,both,,major
global-public-health-anthropology-ba,Global Public Health and Anthropology,BA,52,128,bulletin_knowledge,ELECTIVE-1,Global Public Health and Anthropology Elective 1,4,major_elective,global-public-health-anthropology-ba_electives,6,,,varies,,major
global-public-health-anthropology-ba,Global Public Health and Anthropology,BA,52,128,bulletin_knowledge,ELECTIVE-2,Global Public Health and Anthropology Elective 2,4,major_elective,global-public-health-anthropology-ba_electives,6,,,varies,,major
global-public-health-anthropology-ba,Global Public Health and Anthropology,BA,52,128,bulletin_knowledge,ELECTIVE-3,Global Public Health and Anthropology Elective 3,4,major_elective,global-public-health-anthropology-ba_electives,6,,,varies,,major
global-public-health-anthropology-ba,Global Public Health and Anthropology,BA,52,128,bulletin_knowledge,ELECTIVE-4,Global Public Health and Anthropology Elective 4,4,major_elective,global-public-health-anthropology-ba_electives,6,,,varies,,major
global-public-health-anthropology-ba,Global Public Health and Anthropology,BA,52,128,bulletin_knowledge,ELECTIVE-5,Global Public Health and Anthropology Elective 5,4,major_elective,global-public-health-anthropology-ba_electives,6,,,varies,,major
global-public-health-anthropology-ba,Global Public Health and Anthropology,BA,52,128,bulletin_knowledge,ELECTIVE-6,Global Public Health and Anthropology Elective 6,4,major_elective,global-public-health-anthropology-ba_electives,6,,,varies,,major
global-public-health-anthropology-ba,Global Public Health and Anthropology,BA,52,128,bulletin_knowledge,FREE-ELECTIVE-1,Free Elective 1,4,major_elective,,0,,,both,,major
global-public-health-anthropology-ba,Global Public Health and Anthropology,BA,52,128,bulletin_knowledge,FREE-ELECTIVE-2,Free Elective 2,4,major_elective,,0,,,both,,major
global-public-health-anthropology-ba,Global Public Health and Anthropology,BA,52,128,bulletin_knowledge,FREE-ELECTIVE-3,Free Elective 3,4,major_elective,,0,,,both,,major
global-public-health-anthropology-ba,Global Public Health and Anthropology,BA,52,128,bulletin_knowledge,FREE-ELECTIVE-4,Free Elective 4,4,major_elective,,0,,,both,,major
global-public-health-anthropology-ba,Global Public Health and Anthropology,BA,52,128,bulletin_knowledge,FREE-ELECTIVE-5,Free Elective 5,4,major_elective,,0,,,both,,major
global-public-health-anthropology-ba,Global Public Health and Anthropology,BA,52,128,bulletin_knowledge,FREE-ELECTIVE-6,Free Elective 6,4,major_elective,,0,,,both,,major
global-public-health-history-ba,Global Public Health and History,BA,52,128,bulletin_knowledge,FIRST-YEAR-SEMINAR,First-Year Seminar,4,gen_ed,,0,,,fall,College Core Curriculum requirement,major
global-public-health-history-ba,Global Public Health and History,BA,52,128,bulletin_knowledge,EXPOS-UA 1,Writing as Inquiry,4,gen_ed,,0,,,both,College Core Curriculum requirement,major
global-public-health-history-ba,Global Public Health and History,BA,52,128,bulletin_knowledge,LANG-LEVEL-1,Foreign Language I,4,gen_ed,,0,,,both,College Core Curriculum requirement,major
global-public-health-history-ba,Global Public Health and History,BA,52,128,bulletin_knowledge,LANG-LEVEL-2,Foreign Language II,4,gen_ed,,0,,,both,College Core Curriculum requirement,major
global-public-health-history-ba,Global Public Health and History,BA,52,128,bulletin_knowledge,LANG-LEVEL-3,Foreign Language III,4,gen_ed,,0,,,both,College Core Curriculum requirement,major
global-public-health-history-ba,Global Public Health and History,BA,52,128,bulletin_knowledge,LANG-LEVEL-4,Foreign Language IV (Intermediate),4,gen_ed,,0,,,both,College Core Curriculum requirement,major
global-public-health-history-ba,Global Public Health and History,BA,52,128,bulletin_knowledge,CORE-TEXTS,Texts and Ideas,4,gen_ed,,0,,,both,College Core Curriculum requirement,major
global-public-health-history-ba,Global Public Health and History,BA,52,128,bulletin_knowledge,CORE-CULTURES,Cultures and Contexts,4,gen_ed,,0,,,both,College Core Curriculum requirement,major
global-public-health-history-ba,Global Public Health and History,BA,52,128,bulletin_knowledge,CORE-EXPRESSIVE,Expressive Culture,4,gen_ed,,0,,,both,College Core Curriculum requirement,major
global-public-health-history-ba,Global Public Health and History,BA,52,128,bulletin_knowledge,CORE-PHYSICAL-SCI,Physical Science,4,gen_ed,,0,,,both,College Core Curriculum requirement,major
global-public-health-history-ba,Global Public Health and History,BA,52,128,bulletin_knowledge,CORE-LIFE-SCI,Life Science,4,gen_ed,,0,,,both,College Core Curriculum requirement,major
global-public-health-history-ba,Global Public Health and History,BA,52,128,bulletin_knowledge,UGPH-UA 1,Foundations of Global Public Health,4,core_required,,0,,,both,,major
global-public-health-history-ba,Global Public Health and History,BA,52,128,bulletin_knowledge,HIST-UA 100,History (approved course),4,core_required,,0,,,both,,major
global-public-health-history-ba,Global Public Health and History,BA,52,128,bulletin_knowledge,UGPH-UA 60,Experiential Learning,4,core_required,,0,,,both,,major
global-public-health-history-ba,Global Public Health and History,BA,52,128,bulletin_knowledge,ELECTIVE-1,Global Public Health and History Elective 1,4,major_elective,global-public-health-history-ba_electives,6,,,varies,,major
global-public-health-history-ba,Global Public Health and History,BA,52,128,bulletin_knowledge,ELECTIVE-2,Global Public Health and History Elective 2,4,major_elective,global-public-health-history-ba_electives,6,,,varies,,major
global-public-health-history-ba,Global Public Health and History,BA,52,128,bulletin_knowledge,ELECTIVE-3,Global Public Health and History Elective 3,4,major_elective,global-public-health-history-ba_electives,6,,,varies,,major
global-public-health-history-ba,Global Public Health and History,BA,52,128,bulletin_knowledge,ELECTIVE-4,Global Public Health and History Elective 4,4,major_elective,global-public-health-history-ba_electives,6,,,varies,,major
global-public-health-history-ba,Global Public Health and History,BA,52,128,bulletin_knowledge,ELECTIVE-5,Global Public Health and History Elective 5,4,major_elective,global-public-health-history-ba_electives,6,,,varies,,major
global-public-health-history-ba,Global Public Health and History,BA,52,128,bulletin_knowledge,ELECTIVE-6,Global Public Health and History Elective 6,4,major_elective,global-public-health-history-ba_electives,6,,,varies,,major
global-public-health-history-ba,Global Public Health and History,BA,52,128,bulletin_knowledge,FREE-ELECTIVE-1,Free Elective 1,4,major_elective,,0,,,both,,major
global-public-health-history-ba,Global Public Health and History,BA,52,128,bulletin_knowledge,FREE-ELECTIVE-2,Free Elective 2,4,major_elective,,0,,,both,,major
global-public-health-history-ba,Global Public Health and History,BA,52,128,bulletin_knowledge,FREE-ELECTIVE-3,Free Elective 3,4,major_elective,,0,,,both,,major
global-public-health-history-ba,Global Public Health and History,BA,52,128,bulletin_knowledge,FREE-ELECTIVE-4,Free Elective 4,4,major_elective,,0,,,both,,major
global-public-health-history-ba,Global Public Health and History,BA,52,128,bulletin_knowledge,FREE-ELECTIVE-5,Free Elective 5,4,major_elective,,0,,,both,,major
global-public-health-history-ba,Global Public Health and History,BA,52,128,bulletin_knowledge,FREE-ELECTIVE-6,Free Elective 6,4,major_elective,,0,,,both,,major
global-public-health-sociology-ba,Global Public Health and Sociology,BA,52,128,bulletin_knowledge,FIRST-YEAR-SEMINAR,First-Year Seminar,4,gen_ed,,0,,,fall,College Core Curriculum requirement,major
global-public-health-sociology-ba,Global Public Health and Sociology,BA,52,128,bulletin_knowledge,EXPOS-UA 1,Writing as Inquiry,4,gen_ed,,0,,,both,College Core Curriculum requirement,major
global-public-health-sociology-ba,Global Public Health and Sociology,BA,52,128,bulletin_knowledge,LANG-LEVEL-1,Foreign Language I,4,gen_ed,,0,,,both,College Core Curriculum requirement,major
global-public-health-sociology-ba,Global Public Health and Sociology,BA,52,128,bulletin_knowledge,LANG-LEVEL-2,Foreign Language II,4,gen_ed,,0,,,both,College Core Curriculum requirement,major
global-public-health-sociology-ba,Global Public Health and Sociology,BA,52,128,bulletin_knowledge,LANG-LEVEL-3,Foreign Language III,4,gen_ed,,0,,,both,College Core Curriculum requirement,major
global-public-health-sociology-ba,Global Public Health and Sociology,BA,52,128,bulletin_knowledge,LANG-LEVEL-4,Foreign Language IV (Intermediate),4,gen_ed,,0,,,both,College Core Curriculum requirement,major
global-public-health-sociology-ba,Global Public Health and Sociology,BA,52,128,bulletin_knowledge,CORE-TEXTS,Texts and Ideas,4,gen_ed,,0,,,both,College Core Curriculum requirement,major
global-public-health-sociology-ba,Global Public Health and Sociology,BA,52,128,bulletin_knowledge,CORE-CULTURES,Cultures and Contexts,4,gen_ed,,0,,,both,College Core Curriculum requirement,major
global-public-health-sociology-ba,Global Public Health and Sociology,BA,52,128,bulletin_knowledge,CORE-EXPRESSIVE,Expressive Culture,4,gen_ed,,0,,,both,College Core Curriculum requirement,major
global-public-health-sociology-ba,Global Public Health and Sociology,BA,52,128,bulletin_knowledge,CORE-PHYSICAL-SCI,Physical Science,4,gen_ed,,0,,,both,College Core Curriculum requirement,major
global-public-health-sociology-ba,Global Public Health and Sociology,BA,52,128,bulletin_knowledge,CORE-LIFE-SCI,Life Science,4,gen_ed,,0,,,both,College Core Curriculum requirement,major
global-public-health-sociology-ba,Global Public Health and Sociology,BA,52,128,bulletin_knowledge,UGPH-UA 1,Foundations of Global Public Health,4,core_required,,0,,,both,,major
global-public-health-sociology-ba,Global Public Health and Sociology,BA,52,128,bulletin_knowledge,SOC-UA 1,Introduction to Sociology,4,core_required,,0,,,both,,major
global-public-health-sociology-ba,Global Public Health and Sociology,BA,52,128,bulletin_knowledge,UGPH-UA 60,Experiential Learning,4,core_required,,0,,,both,,major
global-public-health-sociology-ba,Global Public Health and Sociology,BA,52,128,bulletin_knowledge,ELECTIVE-1,Global Public Health and Sociology Elective 1,4,major_elective,global-public-health-sociology-ba_electives,6,,,varies,,major
global-public-health-sociology-ba,Global Public Health and Sociology,BA,52,128,bulletin_knowledge,ELECTIVE-2,Global Public Health and Sociology Elective 2,4,major_elective,global-public-health-sociology-ba_electives,6,,,varies,,major
global-public-health-sociology-ba,Global Public Health and Sociology,BA,52,128,bulletin_knowledge,ELECTIVE-3,Global Public Health and Sociology Elective 3,4,major_elective,global-public-health-sociology-ba_electives,6,,,varies,,major
global-public-health-sociology-ba,Global Public Health and Sociology,BA,52,128,bulletin_knowledge,ELECTIVE-4,Global Public Health and Sociology Elective 4,4,major_elective,global-public-health-sociology-ba_electives,6,,,varies,,major
global-public-health-sociology-ba,Global Public Health and Sociology,BA,52,128,bulletin_knowledge,ELECTIVE-5,Global Public Health and Sociology Elective 5,4,major_elective,global-public-health-sociology-ba_electives,6,,,varies,,major
global-public-health-sociology-ba,Global Public Health and Sociology,BA,52,128,bulletin_knowledge,ELECTIVE-6,Global Public Health and Sociology Elective 6,4,major_elective,global-public-health-sociology-ba_electives,6,,,varies,,major
global-public-health-sociology-ba,Global Public Health and Sociology,BA,52,128,bulletin_knowledge,FREE-ELECTIVE-1,Free Elective 1,4,major_elective,,0,,,both,,major
global-public-health-sociology-ba,Global Public Health and Sociology,BA,52,128,bulletin_knowledge,FREE-ELECTIVE-2,Free Elective 2,4,major_elective,,0,,,both,,major
global-public-health-sociology-ba,Global Public Health and Sociology,BA,52,128,bulletin_knowledge,FREE-ELECTIVE-3,Free Elective 3,4,major_elective,,0,,,both,,major
global-public-health-sociology-ba,Global Public Health and Sociology,BA,52,128,bulletin_knowledge,FREE-ELECTIVE-4,Free Elective 4,4,major_elective,,0,,,both,,major
global-public-health-sociology-ba,Global Public Health and Sociology,BA,52,128,bulletin_knowledge,FREE-ELECTIVE-5,Free Elective 5,4,major_elective,,0,,,both,,major
global-public-health-sociology-ba,Global Public Health and Sociology,BA,52,128,bulletin_knowledge,FREE-ELECTIVE-6,Free Elective 6,4,major_elective,,0,,,both,,major
global-public-health-science-bs,Global Public Health and Science,BS,76,128,bulletin_knowledge,FIRST-YEAR-SEMINAR,First-Year Seminar,4,gen_ed,,0,,,fall,College Core Curriculum requirement,major
global-public-health-science-bs,Global Public Health and Science,BS,76,128,bulletin_knowledge,EXPOS-UA 1,Writing as Inquiry,4,gen_ed,,0,,,both,College Core Curriculum requirement,major
global-public-health-science-bs,Global Public Health and Science,BS,76,128,bulletin_knowledge,LANG-LEVEL-1,Foreign Language I,4,gen_ed,,0,,,both,College Core Curriculum requirement,major
global-public-health-science-bs,Global Public Health and Science,BS,76,128,bulletin_knowledge,LANG-LEVEL-2,Foreign Language II,4,gen_ed,,0,,,both,College Core Curriculum requirement,major
global-public-health-science-bs,Global Public Health and Science,BS,76,128,bulletin_knowledge,LANG-LEVEL-3,Foreign Language III,4,gen_ed,,0,,,both,College Core Curriculum requirement,major
global-public-health-science-bs,Global Public Health and Science,BS,76,128,bulletin_knowledge,LANG-LEVEL-4,Foreign Language IV,4,gen_ed,,0,,,both,College Core Curriculum requirement,major
global-public-health-science-bs,Global Public Health and Science,BS,76,128,bulletin_knowledge,CORE-TEXTS,Texts and Ideas,4,gen_ed,,0,,,both,College Core Curriculum requirement,major
global-public-health-science-bs,Global Public Health and Science,BS,76,128,bulletin_knowledge,CORE-CULTURES,Cultures and Contexts,4,gen_ed,,0,,,both,College Core Curriculum requirement,major
global-public-health-science-bs,Global Public Health and Science,BS,76,128,bulletin_knowledge,CORE-EXPRESSIVE,Expressive Culture,4,gen_ed,,0,,,both,College Core Curriculum requirement,major
global-public-health-science-bs,Global Public Health and Science,BS,76,128,bulletin_knowledge,UGPH-UA 1,Foundations of Global Public Health,4,core_required,,0,,,both,,major
global-public-health-science-bs,Global Public Health and Science,BS,76,128,bulletin_knowledge,UGPH-UA 60,Experiential Learning,4,core_required,,0,,,both,,major
global-public-health-science-bs,Global Public Health and Science,BS,76,128,bulletin_knowledge,BIOL-UA 11,Principles of Biology I,4,core_required,,0,,,both,,major
global-public-health-science-bs,Global Public Health and Science,BS,76,128,bulletin_knowledge,BIOL-UA 12,Principles of Biology II,4,core_required,,0,BIOL-UA 11,,both,,major
global-public-health-science-bs,Global Public Health and Science,BS,76,128,bulletin_knowledge,BIOL-UA 21,Molecular and Cell Biology I,4,core_required,,0,BIOL-UA 12,,both,,major
global-public-health-science-bs,Global Public Health and Science,BS,76,128,bulletin_knowledge,CHEM-UA 125,General Chemistry I & Laboratory,5,core_required,,0,,,both,,major
global-public-health-science-bs,Global Public Health and Science,BS,76,128,bulletin_knowledge,CHEM-UA 126,General Chemistry II & Laboratory,5,core_required,,0,CHEM-UA 125,,both,,major
global-public-health-science-bs,Global Public Health and Science,BS,76,128,bulletin_knowledge,MATH-UA 121,Calculus I,4,core_required,,0,,,both,,major
global-public-health-science-bs,Global Public Health and Science,BS,76,128,bulletin_knowledge,PSYCH-UA 10,Statistics for Behavioral Sciences,4,core_required,,0,,,both,,major
global-public-health-science-bs,Global Public Health and Science,BS,76,128,bulletin_knowledge,ELECTIVE-1,GPH/Science Elective 1,4,major_elective,gphsci_electives,4,,,varies,,major
global-public-health-science-bs,Global Public Health and Science,BS,76,128,bulletin_knowledge,ELECTIVE-2,GPH/Science Elective 2,4,major_elective,gphsci_electives,4,,,varies,,major
global-public-health-science-bs,Global Public Health and Science,BS,76,128,bulletin_knowledge,ELECTIVE-3,GPH/Science Elective 3,4,major_elective,gphsci_electives,4,,,varies,,major
global-public-health-science-bs,Global Public Health and Science,BS,76,128,bulletin_knowledge,ELECTIVE-4,GPH/Science Elective 4,4,major_elective,gphsci_electives,4,,,varies,,major
pre-med-track,Pre-Medical Track,TRACK,48,128,bulletin_scraped,BIOL-UA 11,Principles of Biology I,4,core_required,,0,,,fall,Required for all prehealth students,pre_med
pre-med-track,Pre-Medical Track,TRACK,48,128,bulletin_scraped,BIOL-UA 12,Principles of Biology II,4,core_required,,0,BIOL-UA 11,,spring,Required for all prehealth students,pre_med
pre-med-track,Pre-Medical Track,TRACK,48,128,bulletin_scraped,BIOL-UA 123,Principles of Biology Lab,1,core_required,,0,BIOL-UA 12,,both,Not required for Biology majors; required for all others,pre_med
pre-med-track,Pre-Medical Track,TRACK,48,128,bulletin_scraped,CHEM-UA 125,General Chemistry I & Laboratory,5,core_required,,0,,,fall,AP Chem NOT accepted by most med schools; take at NYU,pre_med
pre-med-track,Pre-Medical Track,TRACK,48,128,bulletin_scraped,CHEM-UA 126,General Chemistry II & Laboratory,5,core_required,,0,CHEM-UA 125,,spring,,pre_med
pre-med-track,Pre-Medical Track,TRACK,48,128,bulletin_scraped,CHEM-UA 225,Organic Chemistry I & Laboratory,5,core_required,,0,CHEM-UA 126,,both,CHEM-UA 227 (Majors Orgo I) is an acceptable substitute,pre_med
pre-med-track,Pre-Medical Track,TRACK,48,128,bulletin_scraped,CHEM-UA 226,Organic Chemistry II & Laboratory,5,core_required,,0,CHEM-UA 225,,both,CHEM-UA 228 (Majors Orgo II) is an acceptable substitute,pre_med
pre-med-track,Pre-Medical Track,TRACK,48,128,bulletin_scraped,PHYS-UA 11,General Physics I,5,core_required,,0,MATH-UA 121,,both,Physics majors use PHYS-UA 91/71 instead,pre_med
pre-med-track,Pre-Medical Track,TRACK,48,128,bulletin_scraped,PHYS-UA 12,General Physics II,5,core_required,,0,PHYS-UA 11,,both,Physics majors use PHYS-UA 93/72 instead,pre_med
pre-med-track,Pre-Medical Track,TRACK,48,128,bulletin_scraped,MATH-UA 121,Calculus I,4,core_required,,0,,,both,Major-specific calc equivalents accepted (e.g. MATH-UA 131 for Econ),pre_med
pre-med-track,Pre-Medical Track,TRACK,48,128,bulletin_scraped,EXPOS-UA 1,Writing as Inquiry,4,core_required,,0,,,both,English/writing requirement,pre_med
pre-med-track,Pre-Medical Track,TRACK,48,128,bulletin_scraped,PSYCH-UA 1,Introduction to Psychology,4,major_elective,,0,,,both,MCAT recommended; required by most MD programs,pre_med
pre-med-track,Pre-Medical Track,TRACK,48,128,bulletin_scraped,SOC-UA 1,Introduction to Sociology,4,major_elective,,0,,,both,MCAT recommended; required by most MD programs,pre_med
pre-med-track,Pre-Medical Track,TRACK,48,128,bulletin_scraped,CHEM-UA 881,Biochemistry I,4,major_elective,,0,CHEM-UA 226,,both,Required by most MD programs; strongly recommended for MCAT,pre_med
pre-law-track,Pre-Law Track,TRACK,40,128,bulletin_knowledge,PHIL-UA 101,Logic,4,major_elective,,0,,,both,Pre-Law recommended (not required): Analytical reasoning — directly maps to LSAT logical reasoning,pre_law
pre-law-track,Pre-Law Track,TRACK,40,128,bulletin_knowledge,PHIL-UA 1,Introduction to Philosophy,4,major_elective,,0,,,both,Pre-Law recommended (not required): Critical thinking and argumentation skills,pre_law
pre-law-track,Pre-Law Track,TRACK,40,128,bulletin_knowledge,POL-UA 101,Introduction to Politics,4,major_elective,,0,,,both,"Pre-Law recommended (not required): Government, law, and political institutions",pre_law
pre-law-track,Pre-Law Track,TRACK,40,128,bulletin_knowledge,POL-UA 700,American Politics,4,major_elective,,0,,,both,Pre-Law recommended (not required): Constitutional and government framework for US law,pre_law
pre-law-track,Pre-Law Track,TRACK,40,128,bulletin_knowledge,ECON-UA 1,Introduction to Macroeconomics,4,major_elective,,0,,,both,Pre-Law recommended (not required): Economic reasoning recommended by ABA prelaw guidelines,pre_law
pre-law-track,Pre-Law Track,TRACK,40,128,bulletin_knowledge,ECON-UA 2,Introduction to Microeconomics,4,major_elective,,0,,,both,Pre-Law recommended (not required): Economic analysis and policy reasoning,pre_law
pre-law-track,Pre-Law Track,TRACK,40,128,bulletin_knowledge,ENGL-UA 1,Introduction to Literary Study,4,major_elective,,0,,,both,Pre-Law recommended (not required): Close reading and complex text analysis,pre_law
pre-law-track,Pre-Law Track,TRACK,40,128,bulletin_knowledge,SOC-UA 1,Introduction to Sociology,4,major_elective,,0,,,both,Pre-Law recommended (not required): Social institutions — recommended by ABA prelaw guidelines,pre_law
pre-law-track,Pre-Law Track,TRACK,40,128,bulletin_knowledge,HIST-UA 100,Historical Methods (any HIST-UA course),4,major_elective,,0,,,both,Pre-Law recommended (not required): Historical context and analytical writing,pre_law
pre-law-track,Pre-Law Track,TRACK,40,128,bulletin_knowledge,WRIT-UA 900,Advanced Writing Workshop (or any writing-intensive course),4,major_elective,,0,,,both,Pre-Law recommended (not required): Law schools heavily value strong writing skills,pre_law
computer-science-minor,Computer Science,MINOR,16,128,bulletin_scraped,CSCI-UA 101,Introduction to Computer Science,4,core_required,,0,CSCI-UA 2,,both,Prereq: CSCI-UA 2 or placement,minor
computer-science-minor,Computer Science,MINOR,16,128,bulletin_scraped,CSCI-UA 102,Data Structures,4,core_required,,0,CSCI-UA 101,,both,,minor
computer-science-minor,Computer Science,MINOR,16,128,bulletin_scraped,CSCI-UA 201,Computer Systems Organization,4,core_required,,0,CSCI-UA 102,,both,,minor
computer-science-minor,Computer Science,MINOR,16,128,bulletin_scraped,CSCI-UA-4XX-MINOR,CS Elective (400-level),4,major_elective,,0,CSCI-UA 201,,varies,Any CSCI-UA 400-level course,minor
mathematics-minor,Mathematics,MINOR,16,128,bulletin_scraped,MATH-UA 121,Calculus I,4,core_required,,0,,,both,,minor
mathematics-minor,Mathematics,MINOR,16,128,bulletin_scraped,MATH-UA 122,Calculus II,4,core_required,,0,MATH-UA 121,,both,,minor
mathematics-minor,Mathematics,MINOR,16,128,bulletin_scraped,MATH-UA 123,Calculus III,4,core_required,,0,MATH-UA 122,,both,,minor
mathematics-minor,Mathematics,MINOR,16,128,bulletin_scraped,MATH-UA-ELEC-1,Math Elective (MATH-UA 120+),4,major_elective,,0,MATH-UA 121,,varies,Any MATH-UA numbered 120 or above,minor
economics-minor,Economics,MINOR,16,128,bulletin_scraped,ECON-UA 1,Introduction to Macroeconomics,4,core_required,,0,,,both,,minor
economics-minor,Economics,MINOR,16,128,bulletin_scraped,ECON-UA 2,Introduction to Microeconomics,4,core_required,,0,,,both,,minor
economics-minor,Economics,MINOR,16,128,bulletin_scraped,ECON-UA 10,Intermediate Microeconomics,4,core_required,,0,ECON-UA 2|MATH-UA 131|MATH-UA 132,,both,,minor
economics-minor,Economics,MINOR,16,128,bulletin_scraped,ECON-UA-MINOR-ELEC,Economics Elective (200+),4,major_elective,,0,ECON-UA 2,,varies,Any approved ECON-UA 200+ course,minor
psychology-minor,Psychology,MINOR,16,128,bulletin_scraped,PSYCH-UA 1,Introduction to Psychology,4,core_required,,0,,,both,,minor
psychology-minor,Psychology,MINOR,16,128,bulletin_scraped,PSYCH-UA 10,Statistics for Behavioral Sciences,4,core_required,,0,PSYCH-UA 1,,both,Or PSYCH-UA 11,minor
psychology-minor,Psychology,MINOR,16,128,bulletin_scraped,PSYCH-MINOR-ELEC-1,Psychology Elective I,4,major_elective,,0,PSYCH-UA 1,,varies,Any approved PSYCH-UA course,minor
psychology-minor,Psychology,MINOR,16,128,bulletin_scraped,PSYCH-MINOR-ELEC-2,Psychology Elective II,4,major_elective,,0,PSYCH-UA 1,,varies,Any approved PSYCH-UA course,minor
biology-minor,Biology,MINOR,16,128,bulletin_scraped,BIOL-UA 11,Principles of Biology I,4,core_required,,0,,,both,,minor
biology-minor,Biology,MINOR,16,128,bulletin_scraped,BIOL-UA 12,Principles of Biology II,4,core_required,,0,BIOL-UA 11,,both,,minor
biology-minor,Biology,MINOR,16,128,bulletin_scraped,BIOL-UA 21,Molecular and Cell Biology I,4,core_required,,0,BIOL-UA 12|CHEM-UA 126,,both,,minor
biology-minor,Biology,MINOR,16,128,bulletin_scraped,BIOL-MINOR-ELEC,Upper-Level Biology Elective,4,major_elective,,0,BIOL-UA 12,,varies,Any approved BIOL-UA 100+ course,minor
data-science-minor,Data Science,MINOR,16,128,bulletin_scraped,DS-UA 111,Principles of Data Science I,4,core_required,,0,,,both,,minor
data-science-minor,Data Science,MINOR,16,128,bulletin_scraped,DS-UA 112,Principles of Data Science II,4,core_required,,0,DS-UA 111,,both,,minor
data-science-minor,Data Science,MINOR,16,128,bulletin_scraped,DS-UA 201,Causal Inference,4,core_required,,0,DS-UA 112,,both,,minor
data-science-minor,Data Science,MINOR,16,128,bulletin_scraped,DS-MINOR-ELEC,Data Science Elective,4,major_elective,,0,DS-UA 112,,varies,Approved DS-UA or CSCI-UA elective,minor
history-minor,History,MINOR,16,128,bulletin_knowledge,HIST-MINOR-1,History Course I (any HIST-UA 100+),4,major_elective,,0,,,varies,,minor
history-minor,History,MINOR,16,128,bulletin_knowledge,HIST-MINOR-2,History Course II (any HIST-UA 100+),4,major_elective,,0,,,varies,,minor
history-minor,History,MINOR,16,128,bulletin_knowledge,HIST-MINOR-3,History Course III (any HIST-UA 100+),4,major_elective,,0,,,varies,,minor
history-minor,History,MINOR,16,128,bulletin_knowledge,HIST-MINOR-4,History Course IV (any HIST-UA 100+),4,major_elective,,0,,,varies,,minor
politics-minor,Politics,MINOR,16,128,bulletin_knowledge,POL-UA 101,Introduction to Politics,4,core_required,,0,,,both,,minor
politics-minor,Politics,MINOR,16,128,bulletin_knowledge,POL-MINOR-ELEC-1,Politics Elective I,4,major_elective,,0,POL-UA 101,,varies,,minor
politics-minor,Politics,MINOR,16,128,bulletin_knowledge,POL-MINOR-ELEC-2,Politics Elective II,4,major_elective,,0,POL-UA 101,,varies,,minor
politics-minor,Politics,MINOR,16,128,bulletin_knowledge,POL-MINOR-ELEC-3,Politics Elective III,4,major_elective,,0,POL-UA 101,,varies,,minor
philosophy-minor,Philosophy,MINOR,16,128,bulletin_knowledge,PHIL-UA 1,Introduction to Philosophy,4,core_required,,0,,,both,,minor
philosophy-minor,Philosophy,MINOR,16,128,bulletin_knowledge,PHIL-UA 101,Logic,4,core_required,,0,,,both,,minor
philosophy-minor,Philosophy,MINOR,16,128,bulletin_knowledge,PHIL-MINOR-ELEC-1,Philosophy Elective I,4,major_elective,,0,PHIL-UA 1,,varies,,minor
philosophy-minor,Philosophy,MINOR,16,128,bulletin_knowledge,PHIL-MINOR-ELEC-2,Philosophy Elective II,4,major_elective,,0,PHIL-UA 1,,varies,,minor
sociology-minor,Sociology,MINOR,16,128,bulletin_knowledge,SOC-UA 1,Introduction to Sociology,4,core_required,,0,,,both,,minor
sociology-minor,Sociology,MINOR,16,128,bulletin_knowledge,SOC-UA 111,Sociological Theory,4,core_required,,0,SOC-UA 1,,both,,minor
sociology-minor,Sociology,MINOR,16,128,bulletin_knowledge,SOC-MINOR-ELEC-1,Sociology Elective I,4,major_elective,,0,SOC-UA 1,,varies,,minor
sociology-minor,Sociology,MINOR,16,128,bulletin_knowledge,SOC-MINOR-ELEC-2,Sociology Elective II,4,major_elective,,0,SOC-UA 1,,varies,,minor
english-minor,English and American Literature,MINOR,16,128,bulletin_knowledge,ENGL-UA 1,Introduction to Literary Study,4,core_required,,0,,,both,,minor
english-minor,English and American Literature,MINOR,16,128,bulletin_knowledge,ENGL-MINOR-ELEC-1,English Elective I,4,major_elective,,0,ENGL-UA 1,,varies,,minor
english-minor,English and American Literature,MINOR,16,128,bulletin_knowledge,ENGL-MINOR-ELEC-2,English Elective II,4,major_elective,,0,ENGL-UA 1,,varies,,minor
english-minor,English and American Literature,MINOR,16,128,bulletin_knowledge,ENGL-MINOR-ELEC-3,English Elective III,4,major_elective,,0,ENGL-UA 1,,varies,,minor
linguistics-minor,Linguistics,MINOR,16,128,bulletin_knowledge,LING-UA 1,Language and Mind,4,core_required,,0,,,both,,minor
linguistics-minor,Linguistics,MINOR,16,128,bulletin_knowledge,LING-UA 11,Phonetics and Phonology,4,core_required,,0,LING-UA 1,,both,,minor
linguistics-minor,Linguistics,MINOR,16,128,bulletin_knowledge,LING-UA 13,Morphology and Syntax,4,core_required,,0,LING-UA 1,,both,,minor
linguistics-minor,Linguistics,MINOR,16,128,bulletin_knowledge,LING-MINOR-ELEC,Linguistics Elective,4,major_elective,,0,LING-UA 1,,varies,,minor
art-history-minor,Art History,MINOR,16,128,bulletin_knowledge,ARTH-UA 1,Introduction to Art History I,4,core_required,,0,,,both,,minor
art-history-minor,Art History,MINOR,16,128,bulletin_knowledge,ARTH-UA 2,Introduction to Art History II,4,core_required,,0,,,both,,minor
art-history-minor,Art History,MINOR,16,128,bulletin_knowledge,ARTH-MINOR-ELEC-1,Art History Elective I,4,major_elective,,0,ARTH-UA 1,,varies,,minor
art-history-minor,Art History,MINOR,16,128,bulletin_knowledge,ARTH-MINOR-ELEC-2,Art History Elective II,4,major_elective,,0,ARTH-UA 1,,varies,,minor
cinema-studies-minor,Cinema Studies,MINOR,16,128,bulletin_knowledge,CINE-UA 1,Introduction to Cinema Studies,4,core_required,,0,,,both,,minor
cinema-studies-minor,Cinema Studies,MINOR,16,128,bulletin_knowledge,CINE-MINOR-ELEC-1,Cinema Studies Elective I,4,major_elective,,0,CINE-UA 1,,varies,,minor
cinema-studies-minor,Cinema Studies,MINOR,16,128,bulletin_knowledge,CINE-MINOR-ELEC-2,Cinema Studies Elective II,4,major_elective,,0,CINE-UA 1,,varies,,minor
cinema-studies-minor,Cinema Studies,MINOR,16,128,bulletin_knowledge,CINE-MINOR-ELEC-3,Cinema Studies Elective III,4,major_elective,,0,CINE-UA 1,,varies,,minor
gender-sexuality-studies-minor,Gender and Sexuality Studies,MINOR,16,128,bulletin_knowledge,GSS-UA 1,Introduction to Gender and Sexuality Studies,4,core_required,,0,,,both,,minor
gender-sexuality-studies-minor,Gender and Sexuality Studies,MINOR,16,128,bulletin_knowledge,GSS-MINOR-ELEC-1,GSS Elective I,4,major_elective,,0,GSS-UA 1,,varies,,minor
gender-sexuality-studies-minor,Gender and Sexuality Studies,MINOR,16,128,bulletin_knowledge,GSS-MINOR-ELEC-2,GSS Elective II,4,major_elective,,0,GSS-UA 1,,varies,,minor
gender-sexuality-studies-minor,Gender and Sexuality Studies,MINOR,16,128,bulletin_knowledge,GSS-MINOR-ELEC-3,GSS Elective III,4,major_elective,,0,GSS-UA 1,,varies,,minor
environmental-studies-minor,Environmental Studies,MINOR,16,128,bulletin_knowledge,ENVST-UA 100,Foundations of Environmental Studies,4,core_required,,0,,,both,,minor
environmental-studies-minor,Environmental Studies,MINOR,16,128,bulletin_knowledge,ENVST-MINOR-ELEC-1,Environmental Studies Elective I,4,major_elective,,0,ENVST-UA 100,,varies,,minor
environmental-studies-minor,Environmental Studies,MINOR,16,128,bulletin_knowledge,ENVST-MINOR-ELEC-2,Environmental Studies Elective II,4,major_elective,,0,ENVST-UA 100,,varies,,minor
environmental-studies-minor,Environmental Studies,MINOR,16,128,bulletin_knowledge,ENVST-MINOR-ELEC-3,Environmental Studies Elective III,4,major_elective,,0,ENVST-UA 100,,varies,,minor
spanish-minor,Spanish,MINOR,16,128,bulletin_knowledge,SPAN-UA 101,Intermediate Spanish I,4,core_required,,0,,,both,Or higher placement,minor
spanish-minor,Spanish,MINOR,16,128,bulletin_knowledge,SPAN-UA 102,Intermediate Spanish II,4,core_required,,0,SPAN-UA 101,,both,,minor
spanish-minor,Spanish,MINOR,16,128,bulletin_knowledge,SPAN-UA 200,Introduction to Hispanic Literature,4,core_required,,0,SPAN-UA 102,,both,,minor
spanish-minor,Spanish,MINOR,16,128,bulletin_knowledge,SPAN-MINOR-ELEC,Spanish Elective,4,major_elective,,0,SPAN-UA 200,,varies,,minor
french-minor,French,MINOR,16,128,bulletin_knowledge,FREN-UA 101,Intermediate French I,4,core_required,,0,,,both,Or higher placement,minor
french-minor,French,MINOR,16,128,bulletin_knowledge,FREN-UA 102,Intermediate French II,4,core_required,,0,FREN-UA 101,,both,,minor
french-minor,French,MINOR,16,128,bulletin_knowledge,FREN-UA 200,Introduction to French Literature,4,core_required,,0,FREN-UA 102,,both,,minor
french-minor,French,MINOR,16,128,bulletin_knowledge,FREN-MINOR-ELEC,French Elective,4,major_elective,,0,FREN-UA 200,,varies,,minor
anthropology-minor,Anthropology,MINOR,16,128,bulletin_knowledge,ANTH-UA 1,Introduction to Cultural Anthropology,4,core_required,,0,,,both,,minor
anthropology-minor,Anthropology,MINOR,16,128,bulletin_knowledge,ANTH-MINOR-ELEC-1,Anthropology Elective I,4,major_elective,,0,ANTH-UA 1,,varies,,minor
anthropology-minor,Anthropology,MINOR,16,128,bulletin_knowledge,ANTH-MINOR-ELEC-2,Anthropology Elective II,4,major_elective,,0,ANTH-UA 1,,varies,,minor
anthropology-minor,Anthropology,MINOR,16,128,bulletin_knowledge,ANTH-MINOR-ELEC-3,Anthropology Elective III,4,major_elective,,0,ANTH-UA 1,,varies,,minor
journalism-minor,Journalism,MINOR,16,128,bulletin_knowledge,JOUR-UA 101,Reporting and Writing I,4,core_required,,0,,,both,,minor
journalism-minor,Journalism,MINOR,16,128,bulletin_knowledge,JOUR-UA 102,Reporting and Writing II,4,core_required,,0,JOUR-UA 101,,both,,minor
journalism-minor,Journalism,MINOR,16,128,bulletin_knowledge,JOUR-MINOR-ELEC-1,Journalism Elective I,4,major_elective,,0,JOUR-UA 101,,varies,,minor
journalism-minor,Journalism,MINOR,16,128,bulletin_knowledge,JOUR-MINOR-ELEC-2,Journalism Elective II,4,major_elective,,0,JOUR-UA 101,,varies,,minor
chemistry-minor,Chemistry,MINOR,19,128,bulletin_scraped,CHEM-UA 125,General Chemistry I & Laboratory,5,core_required,,0,,,both,,minor
chemistry-minor,Chemistry,MINOR,19,128,bulletin_scraped,CHEM-UA 126,General Chemistry II & Laboratory,5,core_required,,0,CHEM-UA 125,,both,,minor
chemistry-minor,Chemistry,MINOR,19,128,bulletin_scraped,CHEM-UA 225,Organic Chemistry I & Laboratory,5,core_required,,0,CHEM-UA 126,,both,,minor
chemistry-minor,Chemistry,MINOR,19,128,bulletin_scraped,CHEM-MINOR-ELEC,Advanced Chemistry Elective,4,major_elective,,0,CHEM-UA 226,,varies,,minor
international-relations-minor,International Relations,MINOR,16,128,bulletin_knowledge,POL-UA 400,Introduction to International Relations,4,core_required,,0,,,both,,minor
international-relations-minor,International Relations,MINOR,16,128,bulletin_knowledge,IR-MINOR-ELEC-1,IR Elective I,4,major_elective,,0,POL-UA 400,,varies,Approved IR courses,minor
international-relations-minor,International Relations,MINOR,16,128,bulletin_knowledge,IR-MINOR-ELEC-2,IR Elective II,4,major_elective,,0,POL-UA 400,,varies,,minor
international-relations-minor,International Relations,MINOR,16,128,bulletin_knowledge,IR-MINOR-ELEC-3,IR Elective III,4,major_elective,,0,POL-UA 400,,varies,,minor
mathematics-computer-science-minor,Mathematics and Computer Science,MINOR,16,128,bulletin_scraped,MATH-UA 120,Discrete Mathematics,4,core_required,,0,,,both,,minor
mathematics-computer-science-minor,Mathematics and Computer Science,MINOR,16,128,bulletin_scraped,MATH-UA 121,Calculus I,4,core_required,,0,,,both,,minor
mathematics-computer-science-minor,Mathematics and Computer Science,MINOR,16,128,bulletin_scraped,CSCI-UA 101,Introduction to Computer Science,4,core_required,,0,CSCI-UA 2,,both,,minor
mathematics-computer-science-minor,Mathematics and Computer Science,MINOR,16,128,bulletin_scraped,CSCI-UA 102,Data Structures,4,core_required,,0,CSCI-UA 101,,both,,minor
